"baker_name","series","episode","result","technical","signature_bake","show_stopper","baker_age","baker_occupation","hometown"
"Annetha Mills",1,1,"IN",2,"Light Jamaican Black Cakewith Strawberries and Cream","Red, White & Blue Chocolate Cake with Cigarellos, Fresh Fruit, and Cream",30,"Midwife","Essex"
"Annetha Mills",1,2,"OUT",7,"Rose Petal Shortbread","Pink Swirl Macarons / Eclairs",30,"Midwife","Essex"
"David Chambers",1,1,"IN",3,"Chocolate Orange Cake","Black Forest Floor Gateauxwith Moulded Chocolate Leaves, Fallen Fruitand Chocolate Mushrooms Moulded from eggs",31,"Entrepreneur","Milton Keynes"
"David Chambers",1,2,"IN",8,"Cheddar Cheese and Fresh Rosemary Biscuits","Choux Pastry Swans  Chocolate Profiteroles",31,"Entrepreneur","Milton Keynes"
"David Chambers",1,3,"IN",4,"Chilli Bread","Walnut and Seed Roll
Red Berry and Almond Bun",31,"Entrepreneur","Milton Keynes"
"David Chambers",1,4,"OUT",5,"Pear and Walnut Pudding","Apple and Blackberry Crumble, Rhubarb and Orange Betty, Suet Pear",31,"Entrepreneur","Milton Keynes"
"Edd Kimber",1,1,"IN",1,"Caramel Cinnamon and Banana Cake",NA,24,"Debt collector for Yorkshire Bank","Bradford"
"Edd Kimber",1,2,"IN",6,"Oatmeal Raisin Cookie","Pink Macarons",24,"Debt collector for Yorkshire Bank","Bradford"
"Edd Kimber",1,3,"IN",1,"Olive Bread","Tomato and Mozzarella",24,"Debt collector for Yorkshire Bank","Bradford"
"Edd Kimber",1,4,"IN",3,"Apple and Plum Pudding","Apple and Cinnamon Crumble, Nutella Banana Brioche Bread Pudding, Rhubarb and Strawberry Suet Layer",24,"Debt collector for Yorkshire Bank","Bradford"
"Edd Kimber",1,5,"IN",2,"Chicken, Ham, Leek and Tarragon Pie","Almond Sweet Pastry with Ginger and Chocolate  Raspberry Tart / Yorkshire Curd Tart  Chickpea and Salami, Red and Yellow Pepper, Asparagus Gruyere Quiche Canapés",24,"Debt collector for Yorkshire Bank","Bradford"
"Edd Kimber",1,6,"WINNER",NA,"Cinnamon and Banana Cake","",24,"Debt collector for Yorkshire Bank","Bradford"
"Jasminder Randhawa",1,1,"IN",NA,"Fresh Mango and Passion Fruit Hummingbird Cake",NA,45,"Assistant Credit Control Manager","Birmingham"
"Jasminder Randhawa",1,2,"IN",2,"Millionaires' Shortbread","Meringues with Chocolate and Space DustCoffee flavoured Eclairs",45,"Assistant Credit Control Manager","Birmingham"
"Jasminder Randhawa",1,3,"IN",5,"Focaccia","Mango and Sultana Buns
Pan au Chocolat with Mars Bars
Tutti Frutti Wheel with Jelly Tots",45,"Assistant Credit Control Manager","Birmingham"
"Jasminder Randhawa",1,4,"IN",2,"Sticky Toffee Pudding with Tropical Fruit & Toffee Sauce","Bread & Butter Pudding, Treacle Suet Pudding with Fresh Fruit, Apple and Pineapple Crumble",45,"Assistant Credit Control Manager","Birmingham"
"Jasminder Randhawa",1,5,"OUT",4,"Chicken and Mushroom Pie","Jaggery, Carrot, and Spiced Condensed Milk Tart  Fruit and Custard Tart  Thai Chili Red Onion, Duck in Plum Sauce, Salmon and Prawn Canapés",45,"Assistant Credit Control Manager","Birmingham"
"Jonathan Shepherd",1,1,"IN",9,"Carrot Cake with Lime and Cream Cheese Icing","Three Tiered White and Dark Chocolate with Almond and Cherry",25,"Research Analyst","St Albans"
"Jonathan Shepherd",1,2,"IN",1,"Honey and Candied Ginger Cookies","Meringues with Whiskey Cream",25,"Research Analyst","St Albans"
"Jonathan Shepherd",1,3,"OUT",6,"Anchovy, Sweet Paprika and Oregano Bread","Sticky Lemon Honey Bun
Olive and Anchovy Roll
Sundried Tomatoes and Fresh Herbs Roll
Stilton, Walnut and Apple Roll
Cinnamon and Cardamom Chelsea Bun",25,"Research Analyst","St Albans"
"Lea Harris",1,1,"OUT",10,"Cranberry and Pistachio Cakewith Orange Flower Water Icing","Raspberries and Cream filled Chocolatewith Chocolate-dipped Fresh Fruit",51,"Retired","Midlothian, Scotland"
"Louise Brimelow",1,1,"IN",NA,"Carrot and Orange Cake","Never Fail Chocolate Sponge Cake,with Fresh Fruit, White & Chocolate Cigarello Border",44,"Police Officer","Manchester"
"Louise Brimelow",1,2,"OUT",4,"Stained Glass Window Shortbread","Strawberry, Mint, and Cream Meringues  Chocolate Eclairs / Orange, Yellow and Pink Macarons",44,"Police Officer","Manchester"
"Mark Whithers",1,1,"OUT",NA,"Sticky Marmalade Tea Loaf","Heart-shaped Chocolate and Beetroot Cake with Store-Bought silver chocolate hearts and chocolate red and white roses.",48,"Bus Driver","South Wales"
"Miranda Browne",1,1,"IN",8,"Triple Layered Brownie Meringue Cake
with Raspberry Cream","Three Tiered Chocolate Fudge Cake  with Handmade Chocolate Button Decorations",37,"Food buyer for Marks & Spencer","Midhurst, West Sussex"
"Miranda Browne",1,2,"IN",3,"Fresh Vanilla Biscuits with Royal Icing","Pistachio Macarons",37,"Food buyer for Marks & Spencer","Midhurst, West Sussex"
"Miranda Browne",1,3,"IN",3,"Walnut and Apricot Bread","Lemon Iced Buns
Chocolate and Orange Buns",37,"Food buyer for Marks & Spencer","Midhurst, West Sussex"
"Miranda Browne",1,4,"IN",1,"Sticky Toffee Pudding","Queen of Puddings, Chocolate Pear Roly Poly, Strawberry and Rhubarb Crumble",37,"Food buyer for Marks & Spencer","Midhurst, West Sussex"
"Miranda Browne",1,5,"IN",1,"Summery Salmon, Cod and Prawn Fish Pie","Chocolate Pastry filled with Orange Cheesecake  Chocolate Pastry filled with Milk Chocolate Ganche  Strawberry Tart with Red Currant Glaze  Cheesy Crab, Broad Bean and Tomato, Pancetta Risotto Canapés",37,"Food buyer for Marks & Spencer","Midhurst, West Sussex"
"Miranda Browne",1,6,"Runner-up",NA,"Lemon Cupcake","Eliminated after signature",37,"Food buyer for Marks & Spencer","Midhurst, West Sussex"
"Ruth Clemens",1,1,"IN",NA,"Three Tiered Lemon Drizzle Cakewith Fresh Cream and freshly made Lemon Curd","Classic Chocolate Sponge wrapped in a Chocolate Collartopped with Handmade White and Dark Chocolate Truffles",31,"Retail manager/Housewife","Poynton, Cheshire"
"Ruth Clemens",1,2,"IN",5,"Peanut Shortbread withSalted Peanut Caramel","Almond Macaron with Violet ButtercreamRaspberries and Cream Eclairs",31,"Retail manager/Housewife","Poynton, Cheshire"
"Ruth Clemens",1,3,"IN",2,"Maple and Pecan Bread","Chocolate and Orange Panettone
Cranberry Bagels",31,"Retail manager/Housewife","Poynton, Cheshire"
"Ruth Clemens",1,4,"IN",4,"Peach and Blueberry Boy Bait","Apple & Ginger Crumble, Rhubarb Suet Crust, Cherry Queen of Puddings",31,"Retail manager/Housewife","Poynton, Cheshire"
"Ruth Clemens",1,5,"IN",3,"Minced Beef Pie","Raspberry and Dark Chocolate Tart  Creme Patisserie and Cherry Tart  Citrus Curd Tart with Creme Brulee top  Tomato, Asparagus Twirl Canapés",31,"Retail manager/Housewife","Poynton, Cheshire"
"Ruth Clemens",1,6,"Runner-up",NA,"Mint, Ginger and Blackberry Cake","",31,"Retail manager/Housewife","Poynton, Cheshire"
"Ben Frazer",2,1,"IN",2,"Rhubarb and Custard CupcakesAfter Dinner Cupcakes","Vanilla Sponge with White Chocolate and Raspberry Buttercream",31,"Graphic Designer","Northampton"
"Ben Frazer",2,2,"IN",1,"Chorizo, Pepper and Gruyere Quiche","Lemon Meringue Tarts",31,"Graphic Designer","Northampton"
"Ben Frazer",2,3,"IN",3,"Walnut, Raisin and Rosemary Loaf","UNKNOWN",31,"Graphic Designer","Northampton"
"Ben Frazer",2,4,"OUT",5,"Stem Ginger Nuts","Chocolate and Almond MacaronsPine Nut MacaronsPistachio Macarons",31,"Graphic Designer","Northampton"
"Holly Bell",2,1,"STAR BAKER",1,"Cherry Bakewell Inspired CupcakesGinger Cupcakes with Fig Truffle","UNKNOWN",31,"Advertising executive","Leicester"
"Holly Bell",2,2,"IN",4,"Pesto Quiche","Milk Chocolate and Pistachio TartsTrifle Tarts",31,"Advertising executive","Leicester"
"Holly Bell",2,3,"IN",6,"Picnic Loaf","Stilton and Walnut Rolls",31,"Advertising executive","Leicester"
"Holly Bell",2,4,"STAR BAKER",3,"Strawberry and Custard Melts","'Chocolate bars of my youth'
(Caramel Macarons, Mint Chocolate Macarons and Chocolate Orange Macarons)",31,"Advertising executive","Leicester"
"Holly Bell",2,5,"IN",4,"Stilton, Potato and Caramelised Onion Pie","Lime Meringue Pie",31,"Advertising executive","Leicester"
"Holly Bell",2,6,"IN",3,"Father Christmas' Baked Cheesecake","Hansel and Gretel's Croquembouche",31,"Advertising executive","Leicester"
"Holly Bell",2,7,"IN",1,"White Chocolate, Hazelnut and Raspberry Genoise Mousse Cake","Apricot, Macadamia and White Chocolate PinwheelsAlmond CroissantsApple, Raisin and Cinnamon Plaits",31,"Advertising executive","Leicester"
"Holly Bell",2,8,"Runner-up",2,"Banoffee Inspired Mille Feuille","Strawberry and Cream Meringue NestGooseberry and Elderflower 'Bakewell' TartsNeapolitan Ice-Cream Sandwich",31,"Advertising executive","Leicester"
"Ian Vallance",2,1,"IN",10,"Apple and Cinnamon Cupcakes","UNKNOWN",40,"Fundraiser for English Heritage","Dunstable, Bedfordshire"
"Ian Vallance",2,2,"IN",2,"Stilton, Spinach and New Potato Quichewith Paprika and Walnut Pastry","UNKNOWN",40,"Fundraiser for English Heritage","Dunstable, Bedfordshire"
"Ian Vallance",2,3,"OUT",10,"Courgette, Caerphilly Cheese and Thyme Loaf","Walnut and Raisin RollsCracked Wheat Logs",40,"Fundraiser for English Heritage","Dunstable, Bedfordshire"
"Janet Basu",2,1,"IN",8,"Raspberry and Cream Cupcakes","Chocolate Marble Cakewith Dark and White Chocolate Truffles",63,"Teacher of Modern Languages","Formby, Liverpool"
"Janet Basu",2,2,"IN",8,"Quiche Printanière","Red Fruit TartsChocolate and Cherry Tarts",63,"Teacher of Modern Languages","Formby, Liverpool"
"Janet Basu",2,3,"IN",8,"Zupfe Loaf with Gruyère Cheese","Apple and Walnut Granary Rolls Red Onion Cottage Rolls",63,"Teacher of Modern Languages","Formby, Liverpool"
"Janet Basu",2,4,"IN",4,"Christmas Marzipan Biscuits","Raspberry Macarons
Blackcurrant Macarons
Almond Macarons",63,"Teacher of Modern Languages","Formby, Liverpool"
"Janet Basu",2,5,"STAR BAKER",1,"Chicken and Chestnut Pie","Rhubarb Meringue Pie",63,"Teacher of Modern Languages","Formby, Liverpool"
"Janet Basu",2,6,"IN",5,"Rhubarb and Ginger Baked Cheesecake","Orange and Nougatine Croquembouche",63,"Teacher of Modern Languages","Formby, Liverpool"
"Janet Basu",2,7,"OUT",4,"Chocolate Amaretto Mousse Cake","Pain Aux RaisinPlain CroissantPain Au Chocolat",63,"Teacher of Modern Languages","Formby, Liverpool"
"Jason White",2,1,"IN",6,"Lemon Meringue CupcakesApple and Cinnamon Cupcakes","UNKNOWN",19,"Civil Engineering Student","Croydon"
"Jason White",2,2,"STAR BAKER",3,"Salmon and Pak Choi Quiche","Mint Chocolate Tarts Blueberry Bakewell Tarts",19,"Civil Engineering Student","Croydon"
"Jason White",2,3,"IN",7,"Cheese and Onion Tear and Share Loaf","UNKNOWN",19,"Civil Engineering Student","Croydon"
"Jason White",2,4,"STAR BAKER",1,"Lebkuchen","Mocktail Macarons
(Mojito, Cranberry Cooler, and Pina Colada)",19,"Civil Engineering Student","Croydon"
"Jason White",2,5,"OUT",7,"Brown Down Chicken Pie","Plum Meringue Pie",19,"Civil Engineering Student","Croydon"
"Keith Batsford",2,1,"OUT",12,"Earl Grey Cupcakes","Chocolate and Sour Cream Cake",31,"House husband","Arlesey, Bedfordshire"
"Mary-Anne Boermans",2,1,"IN",4,"Banoffee Cupcakes","Chocolate and Raspberry Opera cake",45,"Housewife","Kidderminster, Worcestershire"
"Mary-Anne Boermans",2,2,"IN",9,"Roasted Cauliflower, Cheese andCaramelised Onion Quiche","Butterscotch Brulée Tarts in Pecan PastryApple Rose Tarts",45,"Housewife","Kidderminster, Worcestershire"
"Mary-Anne Boermans",2,3,"IN",5,"Ploughman's Loaf","Herb and Walnut BreadsChocolate and Chilli Buns",45,"Housewife","Kidderminster, Worcestershire"
"Mary-Anne Boermans",2,4,"IN",2,"Melting Moments","Blackcurrant and Mint MacaronsGooseberry and Elderflower MacaronsHazelnut Macarons",45,"Housewife","Kidderminster, Worcestershire"
"Mary-Anne Boermans",2,5,"IN",2,"Chicken and Bacon Pie","Midnight Meringue",45,"Housewife","Kidderminster, Worcestershire"
"Mary-Anne Boermans",2,6,"IN",4,"Tutti Fruitti Curd Baked Cheesecake","Orange and Praline Croquembouche with Cardamom Caramel",45,"Housewife","Kidderminster, Worcestershire"
"Mary-Anne Boermans",2,7,"IN",2,"Chocolate and Orange Mousse Cake","Raspberry Rose DanishesPraline SpiralsAlsatian Plaited Danishes",45,"Housewife","Kidderminster, Worcestershire"
"Mary-Anne Boermans",2,8,"Runner-up",3,"Lemon and Ginger Mille Feuille","Fruit Tarts with Elderflower CustardStrawberry and Rhubarb CheesecakesBlack Fruit Meringue with Everlasting Syllabub",45,"Housewife","Kidderminster, Worcestershire"
"Robert Billington",2,1,"IN",3,"Blackberry and Vanilla Cupcakeswith Liquorice Frosting","Genoise Layered Mousse Cakewith Chocolate Ganache",25,"Photographer","London"
"Robert Billington",2,2,"IN",5,"Smoked Bacon and Kale Quiche","Chocolate, Fennel and Ginger TartAlmond, Creme Patissiere and Poached Pear Tart",25,"Photographer","London"
"Robert Billington",2,3,"IN",4,"Rye and Coriander Seed Loaf","Blueberry Brioche RollsLemon and Poppy Seed Rolls",25,"Photographer","London"
"Robert Billington",2,4,"IN",7,"Chocolate and Ginger Oat Biscuits","Strawberry and Lime MacaronsLemon MacaronsChocolate and Cardamom Macarons",25,"Photographer","London"
"Robert Billington",2,5,"OUT",3,"Chicken and Mushroom Pie","Rhubarb and Custard Meringue Pie",25,"Photographer","London"
"Simon Blackwell",2,1,"IN",9,"Guinness and Chocolate Cupcakes","Two-Tiered Chocolate Courgette Cake",31,"Rugby Coach","Norfolk"
"Simon Blackwell",2,2,"OUT",11,"Smoked Haddock and Watercress Quiche","Passion Fruit and Ricotta TartsSalted Chocolate, Stem Ginger and Mascarpone Cream Tarts",31,"Rugby Coach","Norfolk"
"Urvashi Roe",2,1,"IN",7,"Cherry Blossom CupcakesJapanese Lime Cupcakes","UNKNOWN",40,"Head of Marketing","Enfield, London"
"Urvashi Roe",2,2,"IN",7,"Crab, Coriander and Coconut Quiche","Strawberry and Basil TartsElderflower and Honeycomb Tarts",40,"Head of Marketing","Enfield, London"
"Urvashi Roe",2,3,"OUT",9,"Salt and Peppercorn Loaf","Chilli and Halloumi RollsLemon and Coriander Mini Loaves",40,"Head of Marketing","Enfield, London"
"Yasmin Limbert",2,1,"IN",5,"Cardamom and Pomegranate Cupcakes","UNKNOWN",43,"Childminder","West Kirby, The Wirral"
"Yasmin Limbert",2,2,"IN",6,"Smoked Haddock and Watercress Quiche","Chocolate and Orange with Cinnamon-Orange Pastry TartsBlueberry and Hazelnut with Hazelnut Pastry Tarts",43,"Childminder","West Kirby, The Wirral"
"Yasmin Limbert",2,3,"STAR BAKER",2,"Egyptian Dukkah Loaf with Mixed Spices","Pesto Bread
Sweet Coconut Rolls",43,"Childminder","West Kirby, The Wirral"
"Yasmin Limbert",2,4,"IN",6,"Chocolate Chip and Pistachio Biscotti","Chocolate and Lime MacaronsCoffee and Walnut MacaronsPineapple and Coconut Macarons",43,"Childminder","West Kirby, The Wirral"
"Yasmin Limbert",2,5,"IN",5,"Family Fish Pie","Peach and Raspberry Meringue Pie",43,"Childminder","West Kirby, The Wirral"
"Yasmin Limbert",2,6,"OUT",2,"Baked Amaretto Cheesecake","Rose Croquembouche",43,"Childminder","West Kirby, The Wirral"
NA,2,1,"IN",11,NA,NA,NA,NA,NA
NA,2,2,"IN",10,NA,NA,NA,NA,NA
NA,2,3,"IN",1,NA,NA,NA,NA,NA
NA,2,4,"IN",8,NA,NA,NA,NA,NA
NA,2,5,"IN",6,NA,NA,NA,NA,NA
NA,2,6,"STAR BAKER",1,NA,NA,NA,NA,NA
NA,2,7,"IN",3,NA,NA,NA,NA,NA
NA,2,8,"WINNER",1,NA,NA,NA,NA,NA
"Brendan Lynch",3,1,"IN",10,"Plum, Sour Cherry & Walnut","UNKNOWN",63,"Recruitment consultant","Sutton Coldfield"
"Brendan Lynch",3,2,"IN",4,"Middle Eastern Taboon BreadIndian Rotis","Chocolate and Vanilla Bagels
Cumin and Gruyere Bagels",63,"Recruitment consultant","Sutton Coldfield"
"Brendan Lynch",3,3,"IN",9,"Apple and Ginger Tarte Tatin","Blackberry, Nectarine and Dragon Fruit Tart",63,"Recruitment consultant","Sutton Coldfield"
"Brendan Lynch",3,4,"STAR BAKER",1,"Clementine and Chestnut Torte","Pear, Chocolate and Hazelnut Dacquoise",63,"Recruitment consultant","Sutton Coldfield"
"Brendan Lynch",3,5,"IN",3,"Salmon Coulibiac in a Scandinavian Pastry","All American Chiffon Pie",63,"Recruitment consultant","Sutton Coldfield"
"Brendan Lynch",3,6,"STAR BAKER",1,"Rhubarb, Strawberry and Ginger Puddings
Sticky Toffee Puddings","Spinach, Cheese and Walnut Strudel",63,"Recruitment consultant","Sutton Coldfield"
"Brendan Lynch",3,7,"IN",4,"Chelsea Bunskis","Black Forest Christmas Stollen",63,"Recruitment consultant","Sutton Coldfield"
"Brendan Lynch",3,8,"IN",2,"Multi-Seed Savoury Crackers","Fantasy Gingerbread Bird House",63,"Recruitment consultant","Sutton Coldfield"
"Brendan Lynch",3,9,"IN",3,"Coffee Meringue and Hazelnut CreamsApricot and Pistachio FriandsLime Curd Choux Pastry Cygnets","Gateau St. Honoré",63,"Recruitment consultant","Sutton Coldfield"
"Brendan Lynch",3,10,"Runner-up",2,"Potato and Pepper Pithivier","Family Reunion Chiffon Cake",63,"Recruitment consultant","Sutton Coldfield"
"Cathryn Dresser",3,1,"IN",5,"Apple, Hazelnut and Calvados","Hidden Cupcake Cake",27,"Shop assistant","Pease Pottage, West Sussex"
"Cathryn Dresser",3,2,"IN",8,"Spiced Mango NaanLime, Coriander and Chilli Tortillas","Cranberry and Orange Bagels
Chipotle, Chili, and Smoked Cheddar Bagels",27,"Shop assistant","Pease Pottage, West Sussex"
"Cathryn Dresser",3,3,"IN",3,"Plum, Cherry and Five Spice Tarte Tatin","Raspberry, Pistachio and Lemon Tart",27,"Shop assistant","Pease Pottage, West Sussex"
"Cathryn Dresser",3,4,"IN",3,"White Chocolate, Macadamia and Coffee Torte","Gooseberry, Almond and Honey Meringue",27,"Shop assistant","Pease Pottage, West Sussex"
"Cathryn Dresser",3,5,"IN",1,"Full English Wellington","Chocolate and Peanut Butter Pumpkin Pie",27,"Shop assistant","Pease Pottage, West Sussex"
"Cathryn Dresser",3,6,"IN",3,"Chocolate Walnut Whip Puddings
Elderflower Sponges","Roasted Vegetable Couscous and Sheep Cheese Strudel",27,"Shop assistant","Pease Pottage, West Sussex"
"Cathryn Dresser",3,7,"IN",5,"Lady Arundel's Manchet Buns","Bonfire Night Tear 'n' Share Brioche",27,"Shop assistant","Pease Pottage, West Sussex"
"Cathryn Dresser",3,8,"OUT",5,"Cheese and Pickle Crackers","Gingerbread Buckingham Palace",27,"Shop assistant","Pease Pottage, West Sussex"
"Danny Bryden",3,1,"IN",7,"Plum, Ginger & Orange","UNKNOWN",45,"Intensive care consultant","Sheffield"
"Danny Bryden",3,2,"IN",3,"Lime Coriander and Coconut TortillasZaatar Naan with Dukkah","UNKNOWN",45,"Intensive care consultant","Sheffield"
"Danny Bryden",3,3,"IN",2,"Savoury Pear and Roquefort Tarte Tatin","Pineapple, Coconut and Frangipane Tart",45,"Intensive care consultant","Sheffield"
"Danny Bryden",3,4,"IN",2,"Blackberry, White Chocolate, Lemon and Elderflower Torte","'Monte Bianco' Chestnut, Chocolate and Coffee Dacquoise",45,"Intensive care consultant","Sheffield"
"Danny Bryden",3,5,"IN",7,"Chickpea, Spinach & Mushroom Wellington","Trick or Treat Pumpkin Pie",45,"Intensive care consultant","Sheffield"
"Danny Bryden",3,6,"IN",2,"Banoffee Puddings with Walnut Butterscotch SauceJubilee Chocolate Fondants","Leek, Potato, Pistachio and Gruyère Strudel",45,"Intensive care consultant","Sheffield"
"Danny Bryden",3,7,"STAR BAKER",2,"Bakewell Chelsea Buns","European Christmas Wreath",45,"Intensive care consultant","Sheffield"
"Danny Bryden",3,8,"IN",4,"Spiced Almond Drinks Crackers","Gingerbread Big Ben",45,"Intensive care consultant","Sheffield"
"Danny Bryden",3,9,"OUT",4,"Blackberry and Peppermint MacaroonsMiniature Raspberry and Basil FinanciersOrange and White Chocolate Langues de Chat","Rosewater and Lychee St. Honoré",45,"Intensive care consultant","Sheffield"
"James Morton",3,1,"IN",2,"Parsnip, Pear, and Pecan","""Simmer Dim"" Sunset Cake",21,"Medical student","Hillswick, Shetland Islands"
"James Morton",3,2,"IN",2,"Tomato, Garlic, and Parmesan FlatbreadsTattie Scones","Orange, Mint and Chocolate Bagels
'Millers' Sourdough Bagels",21,"Medical student","Hillswick, Shetland Islands"
"James Morton",3,3,"STAR BAKER",1,"Apple and Lavender Tarte Tatin","Rose, Lychee and Raspberry Fruit Tart",21,"Medical student","Hillswick, Shetland Islands"
"James Morton",3,4,"IN",5,"Hazelnut, Chocolate and Passionfruit Torte","Fig, Chestnut, Cherry and Chocolate Layered Meringue",21,"Medical student","Hillswick, Shetland Islands"
"James Morton",3,5,"IN",6,"Four Pig Wellington","Sweet Potato Pie",21,"Medical student","Hillswick, Shetland Islands"
"James Morton",3,6,"IN",7,"Banana and Clove PuddingsClootie Dumplings","Strawberry, Rhubarb and Ginger Strudel",21,"Medical student","Hillswick, Shetland Islands"
"James Morton",3,7,"IN",1,"Easter Chelsea Buns","Whisky Kugelhopf-Brioche Baba",21,"Medical student","Hillswick, Shetland Islands"
"James Morton",3,8,"STAR BAKER",1,"Smoky Cayenne, Cumin and Chilli Crackers","Gingerbread Barn",21,"Medical student","Hillswick, Shetland Islands"
"James Morton",3,9,"STAR BAKER",1,"Lemon and Rhubarb TartletsChocolate Indulgence Petits FoursChilli, Lime and Raspberry Macaroons","Coffee, Caramel and Hazelnut Paris-Brest",21,"Medical student","Hillswick, Shetland Islands"
"James Morton",3,10,"Runner-up",1,"Spanish Pithivier with Chorizo and Red Pepper","United Chiffon Cakes",21,"Medical student","Hillswick, Shetland Islands"
"John Whaite",3,1,"IN",11,"Toffee Apple, Orange & Cranberry","Hidden Pink Hearts Cake",22,"Law student","Wigan"
"John Whaite",3,2,"STAR BAKER",1,"Coriander and Chilli RotisGarlic, Pomegranate and Potato Pitas","Fig, Walnut and Gruyere Bagels
Blueberry and White Chocolate Bagels",22,"Law student","Wigan"
"John Whaite",3,3,"IN",6,"Apple and Vanilla Tarte Tatin with Walnut Praline","Berries, Grapes, Pomegranate, and Dragon Fruit Tart",22,"Law student","Wigan"
"John Whaite",3,4,"IN",6,"'Torte Noir' Black Forest Torte with Boozy Cream","Elderflower and Bramble Berry Pavlova",22,"Law student","Wigan"
"John Whaite",3,5,"IN",2,"Venison and Haggis Wellington","Star-Spangled Pecan Pie",22,"Law student","Wigan"
"John Whaite",3,6,"IN",5,"Spicy Toffee PuddingsRaspberry and White Chocolate Puddings","Did not complete due to injury",22,"Law student","Wigan"
"John Whaite",3,7,"IN",3,"Cherry and Almond Saffron Buns","Marzipan Stollen",22,"Law student","Wigan"
"John Whaite",3,8,"IN",3,"Asian Spice Crackers","Gingerbread Roman Coliseum",22,"Law student","Wigan"
"John Whaite",3,9,"IN",2,"Lemon MadeleinesWhite Chocolate and Raspberry TartletsDark Chocolate and Cherry Macaroons","Gateau St. Honoré a la Passion",22,"Law student","Wigan"
"John Whaite",3,10,"WINNER",2,"Italian Sausage and Roasted Vegetable Pithivier","Heaven and Hell Chiffon Cake",22,"Law student","Wigan"
"Manisha Parmar",3,1,"IN",6,"Vanilla, Peach and Raspberry","White Chocolate Cake with a Red Velvet and White Chocolate Mousse Heart",27,"Nursery nurse","Leicester"
"Manisha Parmar",3,2,"IN",6,"Indian FlatbreadsItalian Flatbreads","UNKNOWN",27,"Nursery nurse","Leicester"
"Manisha Parmar",3,3,"IN",10,"Cinnamon, Apple and Pear Tarte Tatin","Rum and Tropical Fruit Tart",27,"Nursery nurse","Leicester"
"Manisha Parmar",3,4,"IN",9,"Almond, Chocolate and Cherry Torte","Tiramisu Layered Meringue Dessert",27,"Nursery nurse","Leicester"
"Manisha Parmar",3,5,"OUT",5,"Lamb Wellington with Rosemary and Mint","Banana Scotch Pie",27,"Nursery nurse","Leicester"
"Natasha Stringer",3,1,"OUT",12,"Pineapple & Passion Fruit","Mother's Day Layered Rose Cake",36,"Midwife","Tamworth, Staffordshire"
"Peter Maloney",3,1,"IN",3,"Pear, Muscat & Chocolate","Jubilee Cake",43,"Sales manager","Windsor, Berkshire"
"Peter Maloney",3,2,"OUT",11,"Fennel and Nigella Seed NaanBannock Bread","Rosemary and Sea Salt Bagels
Apple and Cinnamon Bagels",43,"Sales manager","Windsor, Berkshire"
"Ryan Chong",3,1,"IN",8,"Kumquat and Orange Polenta","Hidden Flowerbed Mousse Cake",38,"Photographer","Bristol"
"Ryan Chong",3,2,"IN",5,"Shanghai Spring Onion FlatbreadsGarlic and Coriander Naan","Cinnamon and Date Bagels
Tarragon and Rosemary Bagels",38,"Photographer","Bristol"
"Ryan Chong",3,3,"IN",5,"Spiced Pear Tarte Tatin","UNKNOWN",38,"Photographer","Bristol"
"Ryan Chong",3,4,"IN",7,"Green Tea Opera Torte","Strawberry, Rose and Pistachio Meringue",38,"Photographer","Bristol"
"Ryan Chong",3,5,"STAR BAKER",8,"Curry Spiced Seabass Wellington","Key Lime Pie",38,"Photographer","Bristol"
"Ryan Chong",3,6,"IN",6,"Chocolate FondantsSticky Ginger and Date Puddings","Apple, Sour Cherry, Raisin and Mixed Nuts Strudel",38,"Photographer","Bristol"
"Ryan Chong",3,7,"OUT",6,"Lardy Cakes","Char Siu Bao",38,"Photographer","Bristol"
"Sarah-Jane Willis",3,1,"IN",1,"Pear, Chocolate and Hazelnut","Hidden Crown Cake",28,"Vicar's wife","Bewbush, West Sussex"
"Sarah-Jane Willis",3,2,"IN",10,"Toasted Coconut and Lime RotisOatcakes","UNKNOWN",28,"Vicar's wife","Bewbush, West Sussex"
"Sarah-Jane Willis",3,3,"IN",8,"Caramelised Banana Tarte Tatin","French Apple Tart with Blackberry and Cassis Jam",28,"Vicar's wife","Bewbush, West Sussex"
"Sarah-Jane Willis",3,4,"IN",4,"Chocolate and Almond Truffle Torte","Hazelnut Tiramisu Layered Meringue",28,"Vicar's wife","Bewbush, West Sussex"
"Sarah-Jane Willis",3,5,"IN",4,"Beef Wellington with Parma Ham and Gorgonzola Cheese","Chocolate and Banana Cream Pie",28,"Vicar's wife","Bewbush, West Sussex"
"Sarah-Jane Willis",3,6,"IN",4,"Sticky Toffee PuddingsGranny's Saucy Lemon Puddings","Sweet Strudel with Sour Cherries",28,"Vicar's wife","Bewbush, West Sussex"
"Sarah-Jane Willis",3,7,"OUT",7,"Orange, Nutmeg and Saffron Buns","Sour Cherry and Dark Chocolate Christmas Plait",28,"Vicar's wife","Bewbush, West Sussex"
"Stuart Marston-Smith",3,1,"IN",9,"Tomato and Ginger","Lemon and Pistachio Union Flag Cake",26,"PE teacher","Lichfield, Staffordshire"
"Stuart Marston-Smith",3,2,"IN",9,"Bombay BreadChorizo and Spring Onion Naan","Cinnamon and Cranberry Bagels
Tomato and Thyme Bagels",26,"PE teacher","Lichfield, Staffordshire"
"Stuart Marston-Smith",3,3,"IN",7,"Pear and Almond Tarte Tatin","Raspberry Triple Chocolate Layered Tart",26,"PE teacher","Lichfield, Staffordshire"
"Stuart Marston-Smith",3,4,"OUT",8,"Black Forest Torte","Choca Blocka Mocha Meringue",26,"PE teacher","Lichfield, Staffordshire"
"Victoria Chester",3,1,"STAR BAKER",4,"Pear and Pecan","Blackbird Pie Cake",50,"CEO of the charity Plantlife","Somerset"
"Victoria Chester",3,2,"IN",7,"Coriander and Lemon NaanGarlic and Parsnip Chapatis","Saffron and Golden Raisin Bagels
Porcini Bagels",50,"CEO of the charity Plantlife","Somerset"
"Victoria Chester",3,3,"OUT",4,"Fig, Walnut and Pink Peppercorn Tarte Tatin","Tropical Fruit Tart with Black Pepper Crust",50,"CEO of the charity Plantlife","Somerset"
"Ali Imdad",4,1,"IN",11,"Rose and Pistachio Cake","Chocolate, Raspberry and Passion Fruit Engagement Cake",25,"Charity worker","Saltley, Birmingham"
"Ali Imdad",4,2,"IN",9,"Italian Grissini","Sweet and Savoury Yin Yang Bread",25,"Charity worker","Saltley, Birmingham"
"Ali Imdad",4,3,"IN",5,"Coconut, Raspberry and Lemon Meringue Trifle","Vanilla Latte Mini CakesLime & Mint Shortbread Pops",25,"Charity worker","Saltley, Birmingham"
"Ali Imdad",4,4,"OUT",8,"Apple and Ginger Pie with a Pecan and Walnut Shortcrust Pastry","Orange, Cardamom and Date M'Hanncha",25,"Charity worker","Saltley, Birmingham"
"Beca Lyne-Pirkis",4,1,"IN",8,"Grapefruit Sandwich Cake","Chocolate Cherry Indulgence",31,"Military Wives' Choir Singer","Aldershot, Hampshire"
"Beca Lyne-Pirkis",4,2,"IN",11,"Fennel and Chilli Breadsticks","Five Strand Christmas Wreath",31,"Military Wives' Choir Singer","Aldershot, Hampshire"
"Beca Lyne-Pirkis",4,3,"IN",10,"Orange and Ginger Trifle","Limoncello and Blueberry BurstsMillionaire Shortbread",31,"Military Wives' Choir Singer","Aldershot, Hampshire"
"Beca Lyne-Pirkis",4,4,"IN",2,"Mamgu's Cherry-Apple Tart","Moroccan Vegetable Filo Feast",31,"Military Wives' Choir Singer","Aldershot, Hampshire"
"Beca Lyne-Pirkis",4,5,"IN",5,"Chocolate, Cherry and Hazelnut Brownies","Tiered Macaron and Sugar Dough Biscuit Centrepiece",31,"Military Wives' Choir Singer","Aldershot, Hampshire"
"Beca Lyne-Pirkis",4,6,"IN",6,"Bara Brith","Chocolate and Rum-Soaked Prune BriochesCardamom Spiced Lemon Iced Buns",31,"Military Wives' Choir Singer","Aldershot, Hampshire"
"Beca Lyne-Pirkis",4,7,"IN",1,"Spring Lamb and Vegetable Suet Puddingwith Redcurrant Gravy","Nectarine and Frangipane SquaresChocolate and Hazelnut Vol-au-ventsStrawberries and Cream Mille-feuille",31,"Military Wives' Choir Singer","Aldershot, Hampshire"
"Beca Lyne-Pirkis",4,8,"IN",4,"Potato, Spelt and Rosemary Focaccia","Spiced Butternut Squash and Pecan 'Cheese' Cake",31,"Military Wives' Choir Singer","Aldershot, Hampshire"
"Beca Lyne-Pirkis",4,9,"OUT",3,"Stilton and Walnut MacaronsBeetroot and Salmon Choux PuffsWelsh Rarebit Tartlets","Banoffee Opera Cake",31,"Military Wives' Choir Singer","Aldershot, Hampshire"
"Christine Wallace",4,1,"IN",3,"Strawberry, Vanilla and Rosewater Summer Basket","Chocolate and Orange 'Fripperous' Hat Cake",66,"Director of an engraving company","Didcot, Oxfordshire"
"Christine Wallace",4,2,"IN",4,"Mediterranean Breadsticks with Oregano","Double Plaited Loaf",66,"Director of an engraving company","Didcot, Oxfordshire"
"Christine Wallace",4,3,"STAR BAKER",4,"Caribbean Pina Colada Trifle","Ninety-NinersSachertorte Parcels",66,"Director of an engraving company","Didcot, Oxfordshire"
"Christine Wallace",4,4,"IN",7,"Granny Rogers' Apple, Plum & Cinnamon Country Pie","Roasted Vegetable Filo Pie with Feta Cheese",66,"Director of an engraving company","Didcot, Oxfordshire"
"Christine Wallace",4,5,"STAR BAKER",1,"Mixed Berry and Almond Crumble Traybake","Shortbread Bavarian Clock Tower",66,"Director of an engraving company","Didcot, Oxfordshire"
"Christine Wallace",4,6,"IN",4,"Oxford Nutty Fruit Loaf","Schnecken BunsVanilla Custard Skolebrød",66,"Director of an engraving company","Didcot, Oxfordshire"
"Christine Wallace",4,7,"IN",6,"Spotted Dick 'With a Kick'and Vanilla Custard Ice Cream","Eccles CakesFresh Fruit BasketsLemon Cream Eton Mess Mille-feuille",66,"Director of an engraving company","Didcot, Oxfordshire"
"Christine Wallace",4,8,"OUT",5,"Multi-Seeded Loaf with Pumpkin, Sesame and Sunflower Seeds","Sweet Potato Guitar with Passion Fruit Icing and Marshmallow Fondant",66,"Director of an engraving company","Didcot, Oxfordshire"
"Deborah Manger",4,1,"IN",9,"Pineapple Cake","'Coffee Time'",51,"Dentist","Peterborough"
"Deborah Manger",4,2,"IN",8,"Fennel & Chilli Breadsticks","Walnut Fleur Loaf",51,"Dentist","Peterborough"
"Deborah Manger",4,3,"OUT",9,"Tropical Trifle*","Canelé Cherry and Chocolate CakesRose Cookies",51,"Dentist","Peterborough"
"Frances Quinn",4,1,"IN",7,"Giant Jam Sandwich","Secret Squirrel Cake",31,"Children's Clothes Designer","Market Harborough, Leicestershire"
"Frances Quinn",4,2,"IN",2,"Giant Matchsticks","Sailor's Knot",31,"Children's Clothes Designer","Market Harborough, Leicestershire"
"Frances Quinn",4,3,"IN",8,"Apple and Blackberry Crumble Trifle","'Ballet Bites' Ginger NutcrackersSugar Plum Fairy Cakes",31,"Children's Clothes Designer","Market Harborough, Leicestershire"
"Frances Quinn",4,4,"IN",1,"Peach Pie In the Sky","Cherry Tree Baklava Filo Pie",31,"Children's Clothes Designer","Market Harborough, Leicestershire"
"Frances Quinn",4,5,"IN",3,"Millionaire Banoffee Bonus","Biscuit Buttons and Beads",31,"Children's Clothes Designer","Market Harborough, Leicestershire"
"Frances Quinn",4,6,"IN",2,"Chai Tea Loaf","Hot Cross BriochesRhubarb and Custard Kolaches",31,"Children's Clothes Designer","Market Harborough, Leicestershire"
"Frances Quinn",4,7,"STAR BAKER",5,"Figgy Roll-y Poly Puddingwith Caramelised Walnut and Honey Ice-Cream","French Framboise Cream HornsSheet Music Mille-feuilleBass Clef Palmiers",31,"Children's Clothes Designer","Market Harborough, Leicestershire"
"Frances Quinn",4,8,"IN",3,"'Chelsea Flour Show' Bun Bouquet","Hidden Carrot Cake (Ground Praline, Beetroot and Walnut)",31,"Children's Clothes Designer","Market Harborough, Leicestershire"
"Frances Quinn",4,9,"IN",2,"Legume Canapés:
Chantenay CarrotsChoux Pastry TomatoesCauliflower Cheese Scones","Great British Soap Opera Cake",31,"Children's Clothes Designer","Market Harborough, Leicestershire"
"Frances Quinn",4,10,"WINNER",3,"Rainbow Picnic Pie","Midsummer Night's Dream Wedding Cake",31,"Children's Clothes Designer","Market Harborough, Leicestershire"
"Glenn Cosby",4,1,"IN",4,"Strawberries and Cream Cake","Almond and Espresso Chocolate Cake",37,"English Teacher","Teignmouth, Devon"
"Glenn Cosby",4,2,"IN",7,"Rosemary and Parmesan Grissini","Harvest Crown",37,"English Teacher","Teignmouth, Devon"
"Glenn Cosby",4,3,"IN",1,"Raspberry and Almond Trifle","Billionaire BouchéesOrange Financiers",37,"English Teacher","Teignmouth, Devon"
"Glenn Cosby",4,4,"IN",9,"Apple & Maple Syrup Pie","Spanakopita (Walnut and Feta Cheese)",37,"English Teacher","Teignmouth, Devon"
"Glenn Cosby",4,5,"IN",2,"Apricot and Pistachio Tiffin","Shortbread and Macaron Helter-Skelter",37,"English Teacher","Teignmouth, Devon"
"Glenn Cosby",4,6,"IN",5,"Devonshire Panettone","Almond and Apricot BriochesSticky Caramel Kanelbullen",37,"English Teacher","Teignmouth, Devon"
"Glenn Cosby",4,7,"OUT",3,"Prune and Armagnac Puddingwith Boozy Butterscotch Sauce","Caramelised Apple and Marzipan TartletsChocolate Elephant EarsPassion Fruit Mille-feuille",37,"English Teacher","Teignmouth, Devon"
"Howard Middleton",4,1,"IN",6,"Passion Fruit and Coconut Cake","Black Forest Revisited",51,"Council Worker","Sheffield"
"Howard Middleton",4,2,"IN",10,"Moroccan Breadsticks","Picasso Sun Bread",51,"Council Worker","Sheffield"
"Howard Middleton",4,3,"IN",7,"Caramel and Apple Trifle*","Black Coffee and Cardamom CakesWhite Stilton and Pear Biscuits",51,"Council Worker","Sheffield"
"Howard Middleton",4,4,"IN",5,"Apple Pie with Sage Pastry","Fresh Fig and Feta Filo Flan",51,"Council Worker","Sheffield"
"Howard Middleton",4,5,"IN",8,"Breakfast Traybake","Japanese Pagoda Tea Tower",51,"Council Worker","Sheffield"
"Howard Middleton",4,6,"OUT",7,"Date & Hemp Yorkshire Loaf","Peachy BunsGerman Baumschnecken",51,"Council Worker","Sheffield"
"Kimberley Wilson",4,1,"IN",10,"Blood Orange Cake","Chocolate, Raspberry & Basil Layer Cake",30,"Psychologist","London"
"Kimberley Wilson",4,2,"IN",1,"Nigella Seed and Parmesan Breadsticks","Peace Bread",30,"Psychologist","London"
"Kimberley Wilson",4,3,"IN",6,"Peach, Almond and Ginger Trifle","Chocolate Pistachio FinanciersLemon Bergamot Biscuits",30,"Psychologist","London"
"Kimberley Wilson",4,4,"STAR BAKER",4,"Pecan and Rosemary Caramel Apple Pie","Chicken, Bacon and Butternut Squash Pie",30,"Psychologist","London"
"Kimberley Wilson",4,5,"IN",7,"Cherry and Almond Bakewell Florentine Slice","Black and White Viennese Biscuit Stack",30,"Psychologist","London"
"Kimberley Wilson",4,6,"IN",3,"Chai Spiced Ginger and Date Tea Loaf","Double Chocolate and Hazelnut BriochesDanish Kanelsnurrer",30,"Psychologist","London"
"Kimberley Wilson",4,7,"IN",4,"Barberry and Apple Spotted Dickwith Maple Syrup and White Chocolate Custard","Pear, Malt and Butterscotch Mille-feuilleBlackberry and Lemon Verbena Crème Brûle Custard TartsFig, Orange and Thyme Galette",30,"Psychologist","London"
"Kimberley Wilson",4,8,"IN",2,"Wild Garlic Pesto and Parma Ham Spelt Loaf","Butternut Squash and Spice Cake Toadstool House",30,"Psychologist","London"
"Kimberley Wilson",4,9,"STAR BAKER",1,"Pea Purée TartsCrab and Wasabi ProfiterolesSteamed Buns with Barbecue Chicken","Passion Fruit and Lime Opera Cake",30,"Psychologist","London"
"Kimberley Wilson",4,10,"Runner-up",1,"Chicken and Pig Pie","Languages of Love Wedding Cake",30,"Psychologist","London"
"Lucy Bellamy",4,1,"IN",2,"Timperley Early Cake","Thyme 'Wildwood' Cake",38,"Horticulturist","Grimsby, Lincolnshire"
"Lucy Bellamy",4,2,"OUT",12,"Grissini with Salt","Roast Tomato Bread",38,"Horticulturist","Grimsby, Lincolnshire"
"Mark Onley",4,1,"IN",5,"Lemon and Poppy Seed Cake","Chocolate Monster",37,"Carpenter and Kitchen Fitter","Milton Keynes"
"Mark Onley",4,2,"IN",6,"Rosemary & Raisin Breadsticks","Sage & Garlic Plait",37,"Carpenter and Kitchen Fitter","Milton Keynes"
"Mark Onley",4,3,"OUT",11,"Ginger, Mango and Passion Fruit Trifle","Rose and Pistachio MacaroonsChocolate and Raspberry Bites",37,"Carpenter and Kitchen Fitter","Milton Keynes"
"Robert Smart",4,1,"STAR BAKER",1,"Pecan and Apple Cake","Raspberry Chocolate Cake",54,"Space Satellite Designer","Melbourn, Cambridgeshire"
"Robert Smart",4,2,"IN",5,"Twisty Rye Bread Sticks","Tribute Loaf",54,"Space Satellite Designer","Melbourn, Cambridgeshire"
"Robert Smart",4,3,"IN",2,"Rhubarb and Orange Trifle","Almond FriandsTurǫn Macaroons",54,"Space Satellite Designer","Melbourn, Cambridgeshire"
"Robert Smart",4,4,"IN",3,"Apple and Pear Pie with Thyme","Spanakopita with St George's Mushrooms",54,"Space Satellite Designer","Melbourn, Cambridgeshire"
"Robert Smart",4,5,"OUT",4,"Blueberry & Orange Traybake","Dalek",54,"Space Satellite Designer","Melbourn, Cambridgeshire"
"Ruby Tandoh",4,1,"IN",12,"Rhubarb and Custard Sandwich Cake","Chocolate and Ginger Night Sky Cake",20,"History of Art and Philosophy Student","Southend, Essex"
"Ruby Tandoh",4,2,"STAR BAKER",3,"Mexican Breadsticks","White Chocolate and Orange Peacock Bread",20,"History of Art and Philosophy Student","Southend, Essex"
"Ruby Tandoh",4,3,"IN",3,"Desert Island Trifle","Lemon Shortbread and White Chocolate SeashellsBlackberry and Chocolate Layer Cakes",20,"History of Art and Philosophy Student","Southend, Essex"
"Ruby Tandoh",4,4,"IN",6,"Apple and Marzipan Pie","Rose, Almond and Raspberry Filo Pie",20,"History of Art and Philosophy Student","Southend, Essex"
"Ruby Tandoh",4,5,"IN",6,"Blackberry and Lemon Bakewell Slice","'Dropped Ice-Cream' Biscuit Centrepiece",20,"History of Art and Philosophy Student","Southend, Essex"
"Ruby Tandoh",4,6,"STAR BAKER",1,"Citrus Tea Loaf","Twisted Swedish KanelbullarSaffron St. Lucia Buns",20,"History of Art and Philosophy Student","Southend, Essex"
"Ruby Tandoh",4,7,"IN",2,"Plum Jam Roly-Polywith Ginger Ice cream","Raspberry and Passion Fruit Mille-feuilleCaramelised Apple LatticePortuguese Custard Tarts",20,"History of Art and Philosophy Student","Southend, Essex"
"Ruby Tandoh",4,8,"STAR BAKER",1,"Mango and Nigella Seed Spelt Cob","Carrot Cake and Pistachio Garden Plot",20,"History of Art and Philosophy Student","Southend, Essex"
"Ruby Tandoh",4,9,"IN",4,"Beetroot Jelly on Poppy Seed BiscuitsSpinach, Parmesan and Egg TartletsChoux Buns with Goat's Cheese and Caramelised Onions","Chocolate, Almond Praline and Saffron Opera Cake",20,"History of Art and Philosophy Student","Southend, Essex"
"Ruby Tandoh",4,10,"Runner-up",2,"Picnic Basket Pie","Raspberry, Lemon and Passion Fruit Wedding Cake",20,"History of Art and Philosophy Student","Southend, Essex"
"Toby Waterworth",4,1,"OUT",13,"Spiced and Iced Carrot Cake","Two Tiered Chocolate Cake",30,"Web Programmer","Reading, Berkshire"
"Chetna Makan",5,1,"IN",3,"Cardamom, Pistachio and Coffee Swiss Roll","Tiered Victoria Sponges with Lemon Curd and Raspberry Cream",35,"Fashion Designer","Broadstairs, Kent"
"Chetna Makan",5,2,"IN",8,"Fenugreek and Carom Crackers","Day On The Beach",35,"Fashion Designer","Broadstairs, Kent"
"Chetna Makan",5,3,"IN",8,"Onion and Pine Nut Rolls","Rolled and Filled Twin Loaf",35,"Fashion Designer","Broadstairs, Kent"
"Chetna Makan",5,4,"IN",3,"Rhubarb, Strawberry and Orange Puddings","Mango, Raspberry and Coconut Baked Alaska",35,"Fashion Designer","Broadstairs, Kent"
"Chetna Makan",5,5,"IN",2,"Rice Custard Tart with Mangoes and Raspberries","Fusion Tiered Pies",35,"Fashion Designer","Broadstairs, Kent"
"Chetna Makan",5,6,"STAR BAKER",2,"Orange Savarin with Cinnamon Cream","Almond Liqueur Dobos Torte with Chocolate Caramel Buttercream",35,"Fashion Designer","Broadstairs, Kent"
"Chetna Makan",5,7,"IN",6,"Crispy Lentil Kachori","Chocolate and Mango & Lemon Meringue Éclairs",35,"Fashion Designer","Broadstairs, Kent"
"Chetna Makan",5,8,"IN",1,"Date and Walnut Swirl Bread","Chocolate Mousse Filled DoughnutsBraided Doughnuts",35,"Fashion Designer","Broadstairs, Kent"
"Chetna Makan",5,9,"OUT",4,"Chocolate Orange Baklava Masala Chai Baklava","Chocolate, Orange & Nut EntremetsCappuccino Entremets",35,"Fashion Designer","Broadstairs, Kent"
"Claire Goodwin",5,1,"OUT",8,"Chocolatey Orangey Swirly Roll","Mini Chocolate and Cherry Cakes",31,"Speech Therapist","Ashton upon Mersey, Trafford"
"Diana Beard",5,1,"IN",5,"Mum's Sunday Tea Lemon Curd Swiss Roll","Chocolate Ganache Surprises",69,"Women's Institute (WI) Judge","Alkington, Shropshire"
"Diana Beard",5,2,"IN",7,"Parmesan Triangles","Express, First Class",69,"Women's Institute (WI) Judge","Alkington, Shropshire"
"Diana Beard",5,3,"IN",7,"Rustic Picnic Rolls","Sharing Savoury Pinwheel",69,"Women's Institute (WI) Judge","Alkington, Shropshire"
"Diana Beard",5,4,"IN",9,"Orange and Lemon Curd Pots","Raspberry Ripple Alaska Swan",69,"Women's Institute (WI) Judge","Alkington, Shropshire"
"Diana Beard",5,5,"WD",NA,NA,NA,69,"Women's Institute (WI) Judge","Alkington, Shropshire"
"Diana Beard",5,6,"IN",NA,NA,NA,69,"Women's Institute (WI) Judge","Alkington, Shropshire"
"Diana Beard",5,7,"IN",NA,NA,NA,69,"Women's Institute (WI) Judge","Alkington, Shropshire"
"Diana Beard",5,8,"IN",NA,NA,NA,69,"Women's Institute (WI) Judge","Alkington, Shropshire"
"Diana Beard",5,9,"IN",NA,NA,NA,69,"Women's Institute (WI) Judge","Alkington, Shropshire"
"Diana Beard",5,10,"IN",NA,NA,NA,69,"Women's Institute (WI) Judge","Alkington, Shropshire"
"Enwezor Nzegwu",5,1,"IN",9,"Raspberry and Lemon Swiss Roll","Coffee and Walnut Battenberg Squares",39,"Business Consultant","Portsmouth, Hampshire"
"Enwezor Nzegwu",5,2,"OUT",9,"Pumpkin and Sunflower Savoury Biscuits","Space Adventure Moon Scene",39,"Business Consultant","Portsmouth, Hampshire"
"Iain Watters",5,1,"IN",4,"Apricot and Basil Swiss Roll with Mascarpone and White Chocolate Cream","Lemon Drizzle Cakes with Mascarpone Filling, Drizzled Icing, and Candied Lemon",31,"Construction Engineer","London/Belfast"
"Iain Watters",5,2,"IN",11,"Za'atar and Fig Biscuits","Wild West Scene",31,"Construction Engineer","London/Belfast"
"Iain Watters",5,3,"IN",9,"Cranberry and Walnut Rye Bread Rolls","Moroccan Plaited with a Bessara Dip",31,"Construction Engineer","London/Belfast"
"Iain Watters",5,4,"OUT",6,"Chocolate, Lime and Raspberry Fondants","Chocolate, Black Sesame Seed and Coffee Caramel Baked Alaska (not presented)",31,"Construction Engineer","London/Belfast"
"Jordan Cox",5,1,"IN",12,"Kawaii Frasier Swiss Roll","Lemon Drizzle Cakes with Blueberry and Lemon Curd",32,"IT Manager","Sneinton, Nottingham"
"Jordan Cox",5,2,"IN",6,"Sourdough, Parmesan and Chilli Biscuits","Monster Attack",32,"IT Manager","Sneinton, Nottingham"
"Jordan Cox",5,3,"OUT",10,"Rye and Spelt Bread Rolls","Strawberry Raspberry Cheesecake Brioche",32,"IT Manager","Sneinton, Nottingham"
"Kate Henry",5,1,"IN",6,"Red Velvet and White Chocolate Swiss Roll","Mini Tiered Victoria Sponges",41,"Furniture Restorer","Brighton, East Sussex"
"Kate Henry",5,2,"IN",4,"Parmesan and Apple Biscuits","Tea Time",41,"Furniture Restorer","Brighton, East Sussex"
"Kate Henry",5,3,"IN",1,"Orange and Cardamom Rye Bread Knots","Prosciutto, Olive and Coriander Bread",41,"Furniture Restorer","Brighton, East Sussex"
"Kate Henry",5,4,"IN",7,"Chocolate and Salted Caramel Molten Puddings","Pistachio, Raspberry and Chocolate Baked Alaska",41,"Furniture Restorer","Brighton, East Sussex"
"Kate Henry",5,5,"STAR BAKER",3,"Rhubarb and Custard Tart","Rhubarb, Prune and Apple Pies",41,"Furniture Restorer","Brighton, East Sussex"
"Kate Henry",5,6,"IN",6,"Pecan, Chocolate and Sour Cherry Yeast Cake","Trio of Dobos Tortes",41,"Furniture Restorer","Brighton, East Sussex"
"Kate Henry",5,7,"OUT",4,"Spinach and Paneer Spicy Samosa","Neapolitan & Lemon Meringue Éclairs",41,"Furniture Restorer","Brighton, East Sussex"
"Luis Troyano",5,1,"IN",7,"Spanish Swiss Roll","Raspberry and Lemon Genoise Slices with Lemon Drizzles",42,"Graphic Designer","Poynton, Cheshire"
"Luis Troyano",5,2,"IN",3,"Black Olive and Rosemary Biscuits with Caramelised Onion Glaze","George Versus The Dragon",42,"Graphic Designer","Poynton, Cheshire"
"Luis Troyano",5,3,"STAR BAKER",2,"Opposites Attract Rolls","Roscón de Reyes",42,"Graphic Designer","Poynton, Cheshire"
"Luis Troyano",5,4,"IN",2,"Pears in Puddings","Bakewell Alaska",42,"Graphic Designer","Poynton, Cheshire"
"Luis Troyano",5,5,"IN",6,"Tropical Manchester Tart","Four Fruity Seasons Tower",42,"Graphic Designer","Poynton, Cheshire"
"Luis Troyano",5,6,"IN",3,"Apple and Cinnamon Kugelhopf with Honeyed Apples","The Cage on the Rocky Hill",42,"Graphic Designer","Poynton, Cheshire"
"Luis Troyano",5,7,"IN",5,"Childhood Empanadas","Stars and Stripes Éclairs
(Blueberry Cheesecake & Peanut Butter and Jelly Éclairs)",42,"Graphic Designer","Poynton, Cheshire"
"Luis Troyano",5,8,"IN",2,"Black Forest Cherry Tree","Cocktail Doughnuts
(Mudslide & Raspberry Mojito)",42,"Graphic Designer","Poynton, Cheshire"
"Luis Troyano",5,9,"IN",1,"Indian Rose BaklavaHalwa Baklava Rolls","Chocolate Mousse & Cherry EntremetsPomegranate, Fig & Pistachio Sponges",42,"Graphic Designer","Poynton, Cheshire"
"Luis Troyano",5,10,"Runner-up",2,"Apple, Walnut, Raisin and Cheshire Cheese ChaussonsPain au Chocolat Blanc with Raspberries and Cream Cheese","Village in Chocolate",42,"Graphic Designer","Poynton, Cheshire"
"Martha Collison",5,1,"IN",2,"Tiramisu Swiss Roll","Mini Lemon and Thyme Drizzle Cakes",17,"Student","Ascot, Berkshire"
"Martha Collison",5,2,"IN",5,"Caramelised Onion and Goat's Cheese Sandwich Biscuits","Ski Village Scene",17,"Student","Ascot, Berkshire"
"Martha Collison",5,3,"IN",3,"Date and Walnut Rye Rolls","Stuffed Sunflower Loaf",17,"Student","Ascot, Berkshire"
"Martha Collison",5,4,"IN",1,"Peanut Butter Chocolate Fondants","Key Lime Baked Alaska",17,"Student","Ascot, Berkshire"
"Martha Collison",5,5,"IN",1,"Pistachio, Apricot and Honey Custard Tart","Three Little Pigs Pie",17,"Student","Ascot, Berkshire"
"Martha Collison",5,6,"IN",4,"Dark Chocolate and Almond Liqueur Savarin","Chess-Themed Chocolate and Salted Caramel Dobos Torte",17,"Student","Ascot, Berkshire"
"Martha Collison",5,7,"IN",3,"Mini Beef Wellingtons","Rhubarb and Custard & Maple Syrup and Bacon Éclairs",17,"Student","Ascot, Berkshire"
"Martha Collison",5,8,"OUT",5,"Spiced Plum Iced Bread Swirl","Glazed Lemon & Poppy Seed DoughnutsChocolate & Passion Fruit Doughnuts",17,"Student","Ascot, Berkshire"
"Nancy Birtwhistle",5,1,"STAR BAKER",1,"Coffee and Hazelnut Swiss Roll","Jaffa Orange Cakes",60,"Retired Practice Manager","Barton-upon-Humber, Lincolnshire"
"Nancy Birtwhistle",5,2,"IN",2,"Fennel and Rye Thins","Hansel and Gretel Scene",60,"Retired Practice Manager","Barton-upon-Humber, Lincolnshire"
"Nancy Birtwhistle",5,3,"IN",5,"Cider and Walnut Crusty Rolls","'Full English' Stromboli",60,"Retired Practice Manager","Barton-upon-Humber, Lincolnshire"
"Nancy Birtwhistle",5,4,"IN",4,"Pistachio Puddings with Chocolate Sauce","Summer Pudding Alaska",60,"Retired Practice Manager","Barton-upon-Humber, Lincolnshire"
"Nancy Birtwhistle",5,5,"IN",4,"Chocolate Crusted Passion Fruit Tart","Trio of Apple Pies",60,"Retired Practice Manager","Barton-upon-Humber, Lincolnshire"
"Nancy Birtwhistle",5,6,"IN",1,"Rum Punch Savarin with Coconut Cream and Tropical Fruits","Chocolate and Caramel Dobos Torte",60,"Retired Practice Manager","Barton-upon-Humber, Lincolnshire"
"Nancy Birtwhistle",5,7,"IN",2,"Spicy Duck Pasties","Smoked Salmon and Horseradish & Raspberry Ripple Éclairs",60,"Retired Practice Manager","Barton-upon-Humber, Lincolnshire"
"Nancy Birtwhistle",5,8,"IN",3,"Lincolnshire Plum Braid","Doughnut Family Tree
(Limoncello and Almond & Milk Chocolate and Orange)",60,"Retired Practice Manager","Barton-upon-Humber, Lincolnshire"
"Nancy Birtwhistle",5,9,"IN",3,"Coffee and Chocolate BaklavaBreakfast Baklava","Raspberry NonnettesLime and Passion Fruit Entremets",60,"Retired Practice Manager","Barton-upon-Humber, Lincolnshire"
"Nancy Birtwhistle",5,10,"WINNER",1,"Apple and Lemon KitesRaspberry and Almond Croissants","Red Windmill",60,"Retired Practice Manager","Barton-upon-Humber, Lincolnshire"
"Norman Calder",5,1,"IN",11,"Black Forest Swiss Roll","Almond and Raspberry Mini Cakes",66,"Retired Naval Officer","Portknockie, Moray"
"Norman Calder",5,2,"IN",10,"Farthing Biscuits","Zulu Boats at Dawn",66,"Retired Naval Officer","Portknockie, Moray"
"Norman Calder",5,3,"IN",4,"Rye Bread Rolls","Chicken and Roasted Vegetable Picnic Loaf",66,"Retired Naval Officer","Portknockie, Moray"
"Norman Calder",5,4,"IN",8,"Mini Sticky Toffee Puddings","Baked Alaska with Strawberry Surprise",66,"Retired Naval Officer","Portknockie, Moray"
"Norman Calder",5,5,"OUT",5,"Tarte au Citron","Pieful Tower",66,"Retired Naval Officer","Portknockie, Moray"
"Richard Burr",5,1,"IN",10,"Pistachio and Strawberry Swiss Roll","Miniature Coffee & Walnut Cakes",38,"Builder","Mill Hill, London"
"Richard Burr",5,2,"STAR BAKER",1,"Rosemary Seeded Crackers","Pirates!",38,"Builder","Mill Hill, London"
"Richard Burr",5,3,"IN",6,"Rye and Cranberry Rolls","Pesto Pinwheel",38,"Builder","Mill Hill, London"
"Richard Burr",5,4,"STAR BAKER",5,"Black Forest Chocolate Fondants","Tiramisu Baked Alaska",38,"Builder","Mill Hill, London"
"Richard Burr",5,5,"IN",7,"Fig and Orange Tart","Three Course Autumn Pie Feast",38,"Builder","Mill Hill, London"
"Richard Burr",5,6,"IN",5,"Fruity Guglhupf with an Orange Glaze","Sugar Forest Dobos Torte",38,"Builder","Mill Hill, London"
"Richard Burr",5,7,"STAR BAKER",1,"Minted Lamb Pasties","Stair of Éclairs
(Lavender and Blueberry & Rose and Raspberry Éclairs)",38,"Builder","Mill Hill, London"
"Richard Burr",5,8,"STAR BAKER",4,"Fruit Swedish Tea Ring","Rhubarb and Custard and Toffee Apple Doughnuts",38,"Builder","Mill Hill, London"
"Richard Burr",5,9,"STAR BAKER",2,"Rose and Pistachio BaklavaWalnut and Almond Baklava","Hazelnut Mocha EntremetsPink Grapefruit Entremets",38,"Builder","Mill Hill, London"
"Richard Burr",5,10,"Runner-up",3,"Pear Pain au ChocolatPain Au Lait","Mill on the Hill",38,"Builder","Mill Hill, London"
"Alvin Magallanes",6,1,"IN",2,"Orange Vanilla and Fig Madeira Cake","Black Forest Gâteau",37,"Nurse","Bracknell, Berkshire"
"Alvin Magallanes",6,2,"IN",6,"Jackfruit, Pistachio and Macadamia Biscotti","Gingerbread Box filled with Brandy Snaps",37,"Nurse","Bracknell, Berkshire"
"Alvin Magallanes",6,3,"IN",4,"Prosciutto, Manchego and Balsamic Onion Soda Breads","Cornucopia",37,"Nurse","Bracknell, Berkshire"
"Alvin Magallanes",6,4,"IN",9,"Blackberry Crème Brûlées","Tower of Fruits Cheesecakes",37,"Nurse","Bracknell, Berkshire"
"Alvin Magallanes",6,5,"IN",8,"Pineapple Upside Down Cake","Buko Pandan, Mango and Passion Fruit Ice Cream Roll",37,"Nurse","Bracknell, Berkshire"
"Alvin Magallanes",6,6,"OUT",6,"Plum Frangipane Tart","Smoked Salmon En Croûte and Vermouth Chicken à la King Vol-au-vents",37,"Nurse","Bracknell, Berkshire"
"Dorret Conway",6,1,"IN",5,"Madeira Cake with Candied Lemons","Enchanted Forest Gâteau",53,"Accountant","Penwortham, Lancashire"
"Dorret Conway",6,2,"IN",1,"Almond and Apricot Biscotti with Amber Sugar Crystals","Box of Frogs",53,"Accountant","Penwortham, Lancashire"
"Dorret Conway",6,3,"OUT",6,"Walnut and Stilton Soda Breads","Unmade Bread",53,"Accountant","Penwortham, Lancashire"
"Flora Shedden",6,1,"IN",6,"Blood Orange Madeira Cake","Black Forest Gâteau",19,"Art gallery assistant","Dunkeld, Perth and Kinross"
"Flora Shedden",6,2,"IN",2,"Wedding Biscotti","Honey and Earl Grey Tea Box",19,"Art gallery assistant","Dunkeld, Perth and Kinross"
"Flora Shedden",6,3,"IN",2,"Fig and Hazelnut Rye Breads","Herb Couture",19,"Art gallery assistant","Dunkeld, Perth and Kinross"
"Flora Shedden",6,4,"IN",3,"Rhubarb and Ginger Crème Brûlées","Elderflower and Granola Cheesecakes",19,"Art gallery assistant","Dunkeld, Perth and Kinross"
"Flora Shedden",6,5,"IN",3,"Pistachio, Apple and Cardamom Madeleine Cake","Chocolate and Pear Bûche",19,"Art gallery assistant","Dunkeld, Perth and Kinross"
"Flora Shedden",6,6,"IN",2,"Apricot and Rosemary Frangipane Tart","Asparagus and Parma Ham and Praline and Chocolate Vol-au-vents",19,"Art gallery assistant","Dunkeld, Perth and Kinross"
"Flora Shedden",6,7,"IN",4,"Game Pie with Shallot and Apple Chutney","Raspberry, Pomegranate and Champagne Charlotte Russe",19,"Art gallery assistant","Dunkeld, Perth and Kinross"
"Flora Shedden",6,8,"IN",3,"Peach & Lemon Thyme and Smoked Almond & Butterscotch Cream Horns","Lime & Basil and Coconut & White Chocolate Religieuse à l'ancienne",19,"Art gallery assistant","Dunkeld, Perth and Kinross"
"Flora Shedden",6,9,"OUT",1,"Passion Fruit and Chocolate Tart","Cocoa Carousel",19,"Art gallery assistant","Dunkeld, Perth and Kinross"
"Ian Cumming",6,1,"IN",8,"Somewhere West of Madeira Cake","Black Forest Cherry Tree",41,"Travel photographer","Great Wilbraham, Cambridgeshire"
"Ian Cumming",6,2,"STAR BAKER",3,"Orange, Rosemary and Almond Biscotti","Sandwich de la Confiture",41,"Travel photographer","Great Wilbraham, Cambridgeshire"
"Ian Cumming",6,3,"STAR BAKER",1,"Wild Garlic Pesto Soda Breads","Flour Power",41,"Travel photographer","Great Wilbraham, Cambridgeshire"
"Ian Cumming",6,4,"STAR BAKER",4,"Pomegranate Two Ways Crème Brûlées","Trio of Spicy and Herby Baked Cheesecakes",41,"Travel photographer","Great Wilbraham, Cambridgeshire"
"Ian Cumming",6,5,"IN",5,"Honey and Flowers Cake","Dessert Island",41,"Travel photographer","Great Wilbraham, Cambridgeshire"
"Ian Cumming",6,6,"IN",3,"Pear and Raspberry Frangipane Tart","vol-au-vents Terre et Mer",41,"Travel photographer","Great Wilbraham, Cambridgeshire"
"Ian Cumming",6,7,"IN",5,"Roadkill Pie","Victoria's Crown Charlotte Russe",41,"Travel photographer","Great Wilbraham, Cambridgeshire"
"Ian Cumming",6,8,"IN",2,"Mont Blanc & Black Forest Gâteau Horns","Nun with Hidden Passions",41,"Travel photographer","Great Wilbraham, Cambridgeshire"
"Ian Cumming",6,9,"IN",3,"Chocolate and Bay Tart","Chocolate Well",41,"Travel photographer","Great Wilbraham, Cambridgeshire"
"Ian Cumming",6,10,"Runner-up",2,"Elderflower and Lemon & Spiced Buns","Colossal Curvy Carrot Cake",41,"Travel photographer","Great Wilbraham, Cambridgeshire"
"Marie Campbell",6,1,"STAR BAKER",3,"Zingy Citrus Madeira Cake","A Walk in the Black Forest",66,"Retired","Auchterarder, Perthshire"
"Marie Campbell",6,2,"OUT",11,"Biscotti Italiano","Russian Box",66,"Retired","Auchterarder, Perthshire"
"Mat Riley",6,1,"IN",7,"Gin and Tonic Madeira Cake","Black Forest Gateau",37,"Fire fighter","London"
"Mat Riley",6,2,"IN",5,"Pistachio, Cranberry and White Chocolate Biscotti","Gingerbread Fire Engine",37,"Fire fighter","London"
"Mat Riley",6,3,"IN",8,"Jalapeño, Mexican Cheddar and Smoked Salt Soda Breads","Curry Inspired Brighton Pavilion",37,"Fire fighter","London"
"Mat Riley",6,4,"IN",7,"Coconut Crème Brûlées","Chocolate Bar Cheesecakes",37,"Fire fighter","London"
"Mat Riley",6,5,"IN",4,"Sugar Free Carrot Cake","Raspberry and Coconut Ice Cream Roll",37,"Fire fighter","London"
"Mat Riley",6,6,"STAR BAKER",1,"Piña Colada Frangipane Tart","His 'n' Hers Vol-au-vents",37,"Fire fighter","London"
"Mat Riley",6,7,"OUT",6,"Raised Venison and Pigeon Pie","Strawberry Charlotte Russe",37,"Fire fighter","London"
"Nadiya Hussain",6,1,"IN",12,"Orange and Green Cardamom Madeira Cake","Quadruple Chocolate Black Forest Gâteau",30,"Full-time mother","Leeds / Luton"
"Nadiya Hussain",6,2,"IN",9,"Coconut, Fennel and Pistachio Biscotti","Box of Fortunes",30,"Full-time mother","Leeds / Luton"
"Nadiya Hussain",6,3,"IN",9,"Mexican Bread with Warm Tomato Salsa","Snake Charmer's Basket",30,"Full-time mother","Leeds / Luton"
"Nadiya Hussain",6,4,"IN",8,"Cinnamon Tea Crème Brûlées","Fizzy Pop Cheesecakes",30,"Full-time mother","Leeds / Luton"
"Nadiya Hussain",6,5,"STAR BAKER",1,"Naked Blueberry and Caraway Crunch Cake","Chocolate and Strawberry Lime Ice Cream Roll",30,"Full-time mother","Leeds / Luton"
"Nadiya Hussain",6,6,"IN",4,"Bay Leaf, Rong Tea and Pear Tart","Bengali Korma and Clementine with Cod Vol-au-vents",30,"Full-time mother","Leeds / Luton"
"Nadiya Hussain",6,7,"IN",1,"Aromatic Raised Game Pie","Mango and Raspberry Charlotte Russe",30,"Full-time mother","Leeds / Luton"
"Nadiya Hussain",6,8,"STAR BAKER",1,"Rose Pistachio and Mocha Hazelnut Horns","Bubble Gum and Peppermint Cream Religieuse à l'ancienne",30,"Full-time mother","Leeds / Luton"
"Nadiya Hussain",6,9,"STAR BAKER",4,"Peanut Salted Caramel and Chocolate Tart","Peacock in Nan's Door",30,"Full-time mother","Leeds / Luton"
"Nadiya Hussain",6,10,"WINNER",1,"Cardamom and Almond Buns & Nutmeg and Sour Cherry Fingers","My Big Fat British Wedding Cake",30,"Full-time mother","Leeds / Luton"
"Paul Jagger",6,1,"IN",10,"Lemon, Ginger and Caraway Seed Madeira Cake","Black Forest Chocolate Creation",49,"Prison governor","Swansea, Wales"
"Paul Jagger",6,2,"IN",10,"Chocolate, Hazelnut and Fig Biscotti","Memory Box",49,"Prison governor","Swansea, Wales"
"Paul Jagger",6,3,"IN",10,"Cranberry and Orange Sweet Soda Breads","King of the Jungle",49,"Prison governor","Swansea, Wales"
"Paul Jagger",6,4,"IN",1,"Almond Crème Brûlées","Berry Cheesecake Tower",49,"Prison governor","Swansea, Wales"
"Paul Jagger",6,5,"IN",2,"Carrot & Pecan Cake","Dessert Island Getaway",49,"Prison governor","Swansea, Wales"
"Paul Jagger",6,6,"IN",5,"Christmas Frangipane Tart","Savoury and Sweet Bouchées",49,"Prison governor","Swansea, Wales"
"Paul Jagger",6,7,"IN",2,"Not a Boaring Pie","Charlotte Rose",49,"Prison governor","Swansea, Wales"
"Paul Jagger",6,8,"OUT",5,"Café Tipple & Banana Crunch-away Horns","Religieuse à l'ancienne",49,"Prison governor","Swansea, Wales"
"Sandy Docherty",6,1,"IN",9,"Madeira Cake with Almond Liqueur and Chopped Apricots","Black Forest Gâteau",49,"Child welfare officer","Yeadon, West Yorkshire"
"Sandy Docherty",6,2,"IN",4,"Chocolate Chunk and Hazelnut Biscotti","Sundried Tomato Cheese Biscuit Box",49,"Child welfare officer","Yeadon, West Yorkshire"
"Sandy Docherty",6,3,"IN",7,"Soda Breads with Smoked Bacon and Onion","Basket of Bread Flowers with a Walnut and Blue Cheese Centre",49,"Child welfare officer","Yeadon, West Yorkshire"
"Sandy Docherty",6,4,"OUT",6,"Pontefract Crème Brûlées","Cassata, Whisky and Orange & Apple Pie Cheesecakes",49,"Child welfare officer","Yeadon, West Yorkshire"
"Stu Henshall",6,1,"OUT",11,"Marley Madeira Cake","Purple Forest Gâteau",35,"Professional musician","Guildford, Surrey"
"Tamal Ray",6,1,"IN",4,"Pistachio and Rose Madeira Cake","Black Forest Gâteau in a Chocolate Shell",29,"Trainee anaesthetist","Manchester"
"Tamal Ray",6,2,"IN",8,"Cinnamon, Maple and Cranberry Biscotti","Chessboard Box",29,"Trainee anaesthetist","Manchester"
"Tamal Ray",6,3,"IN",3,"Fig, Cheese and Walnut Breads","Breadcycle",29,"Trainee anaesthetist","Manchester"
"Tamal Ray",6,4,"IN",5,"Rhubarb and Ginger Crème Brûlées","Mango, Hazelnut and Rosemary Cheesecake Trio",29,"Trainee anaesthetist","Manchester"
"Tamal Ray",6,5,"IN",7,"Honey and Grapefruit Polenta Cake","Passion Fruit and Pineapple Ice Cream Roll",29,"Trainee anaesthetist","Manchester"
"Tamal Ray",6,6,"IN",7,"Spiced Pear Frangipane Tart","Fennel and Rosemary Pulled Pork and Chicken and Coriander vol-au-vents",29,"Trainee anaesthetist","Manchester"
"Tamal Ray",6,7,"STAR BAKER",3,"Middle Eastern Game Pie","Spiced Blackberry, Raspberry and Cardamom Charlotte Russe",29,"Trainee anaesthetist","Manchester"
"Tamal Ray",6,8,"IN",4,"Lime & Mascarpone and Malt Cream Horns","Passionfruit & Mango and Pistachio & Raspberry Religieuse à l'ancienne",29,"Trainee anaesthetist","Manchester"
"Tamal Ray",6,9,"IN",2,"Chocolate New York Pie","Chocolate Bell Tower",29,"Trainee anaesthetist","Manchester"
"Tamal Ray",6,10,"Runner-up",3,"Cinnamon and Apple & Toffee and Marmalade Iced Buns","Sticky Toffee Pudding Cake",29,"Trainee anaesthetist","Manchester"
"Ugnė Bubnaityte",6,1,"IN",1,"Lemon and Thyme Madeira Cake","Falling Cup Gâteau",32,"PA and administrator","Woodford, London / Vilkaviškis, Lithuania"
"Ugnė Bubnaityte",6,2,"IN",7,"White Wine Biscotti","Baby Climbing into the Cookie Box",32,"PA and administrator","Woodford, London / Vilkaviškis, Lithuania"
"Ugnė Bubnaityte",6,3,"IN",5,"Chocolate Quick Breads with Salted Caramel Sauce","Easter Basket",32,"PA and administrator","Woodford, London / Vilkaviškis, Lithuania"
"Ugnė Bubnaityte",6,4,"IN",2,"Marula Fruit and Coffee Liqueur Crème Brûlées","Lime, Coconut and Hazelnut Cheesecakes",32,"PA and administrator","Woodford, London / Vilkaviškis, Lithuania"
"Ugnė Bubnaityte",6,5,"OUT",6,"Chocolate and Hazelnut Sugar-Free Cake","Chocolate, Peanut Butter and Grape Jam Roll",32,"PA and administrator","Woodford, London / Vilkaviškis, Lithuania"
"Andrew Smyth",7,1,"IN",12,"Lemon and Rosemary Drizzle Cake","'Ultimate Indulgence' Mirror Glaze Cake",25,"Aerospace engineer","Derby / Holywood, County Down"
"Andrew Smyth",7,2,"IN",4,"Beehive Biscuits","Punting in Cambridge",25,"Aerospace engineer","Derby / Holywood, County Down"
"Andrew Smyth",7,3,"IN",2,"Chocolate Barmbrack Bread","Braided Harvest Bread Basket",25,"Aerospace engineer","Derby / Holywood, County Down"
"Andrew Smyth",7,4,"IN",4,"Yorkshire 'Tapas' Puddings","Churros Window Box",25,"Aerospace engineer","Derby / Holywood, County Down"
"Andrew Smyth",7,5,"IN",6,"Mum and Dad's Breakfast Pastries","Spicy Chorizo Squash Parcels and Baklava Bites",25,"Aerospace engineer","Derby / Holywood, County Down"
"Andrew Smyth",7,6,"IN",6,"Tangy Lime and Ginger Meringue Pie","Spring Elderflower Trio",25,"Aerospace engineer","Derby / Holywood, County Down"
"Andrew Smyth",7,7,"STAR BAKER",1,"Tropical Holiday Roulade","Childhood Ice Cream Mousse Cakes",25,"Aerospace engineer","Derby / Holywood, County Down"
"Andrew Smyth",7,8,"IN",2,"Da Vinci Inspired Geared Pies","Jousting Knights Marchpane",25,"Aerospace engineer","Derby / Holywood, County Down"
"Andrew Smyth",7,9,"STAR BAKER",2,"Cheesy Elephant Ears and Herby Treble Clefs","Philharmonic Fondants",25,"Aerospace engineer","Derby / Holywood, County Down"
"Andrew Smyth",7,10,"Runner-up",1,"Crunchy Caramel Cassis Crown","Family and Friends' Favourites Picnic",25,"Aerospace engineer","Derby / Holywood, County Down"
"Benjamina Ebuehi",7,1,"IN",6,"Pistachio, Cardamom and Lemon Drizzle Cake","White Chocolate Mirror Glaze with Salted Praline Buttercream",23,"Teaching assistant","South London"
"Benjamina Ebuehi",7,2,"IN",3,"Bouquet Biscuits","New York, New York",23,"Teaching assistant","South London"
"Benjamina Ebuehi",7,3,"IN",6,"Chocolate, Tahini and Almond Babka","Braided Bread Heart",23,"Teaching assistant","South London"
"Benjamina Ebuehi",7,4,"STAR BAKER",1,"Red Onion Chutney, Brie and Bacon Yorkshire Puddings","Tropical Churros",23,"Teaching assistant","South London"
"Benjamina Ebuehi",7,5,"IN",5,"'Good Morning America' Swirls and Peanut Butter and Banana Pinwheels","Plantain and Spinach Samosas and Chai Pear Cups",23,"Teaching assistant","South London"
"Benjamina Ebuehi",7,6,"IN",2,"Grapefruit and Ginger Meringue Pie","Floral Tea Cake",23,"Teaching assistant","South London"
"Benjamina Ebuehi",7,7,"IN",3,"Piña Colada Roulade","Apple Crumble Mousse Cake and Chocolate Coffee Mousse Cake",23,"Teaching assistant","South London"
"Benjamina Ebuehi",7,8,"OUT",4,"Mexican Adventure","Tudor Garden",23,"Teaching assistant","South London"
"Candice Brown",7,1,"IN",5,"Raspberry and Rhubarb Drizzle Custard Bundt Cake","Mirror Mirror On The Wall, Who Is The Shiniest Cake Of Them All?",31,"PE teacher","Barton-Le-Clay, Bedfordshire"
"Candice Brown",7,2,"STAR BAKER",8,"Salted Caramel, Chocolate Iced Shiny Hearts","Gingerbread Pub with Sticky Ginger Carpet",31,"PE teacher","Barton-Le-Clay, Bedfordshire"
"Candice Brown",7,3,"IN",3,"Chocolate, Salted Caramel & Pecan Brittle Brioche Loaf","Italian Light and Dark Rye Twist",31,"PE teacher","Barton-Le-Clay, Bedfordshire"
"Candice Brown",7,4,"IN",2,"Yorkshire Wellingtons","Two-Way Peanut Butter Churros",31,"PE teacher","Barton-Le-Clay, Bedfordshire"
"Candice Brown",7,5,"STAR BAKER",2,"Danish Pastry Croque Monsieur Kites and Cinnamon Apple, Vanilla Crème Rose Danish","Sausage, Black Pudding and Apple Rounds and Banoffee Whiskey Cups",31,"PE teacher","Barton-Le-Clay, Bedfordshire"
"Candice Brown",7,6,"IN",5,"Lime, Coconut and Lemongrass Sugar Meringue Pie","Four Seasons Cake",31,"PE teacher","Barton-Le-Clay, Bedfordshire"
"Candice Brown",7,7,"IN",2,"Crowd Pleaser Roulade","Blackberry and Raspberry Bubbles and After Dinner Mousse",31,"PE teacher","Barton-Le-Clay, Bedfordshire"
"Candice Brown",7,8,"STAR BAKER",1,"Cheesy Cheeky Fish Pies","Peacock",31,"PE teacher","Barton-Le-Clay, Bedfordshire"
"Candice Brown",7,9,"IN",3,"Red Onion, Cambozola and Walnut Palmiers and Mushroom, Streaky Bacon, and Parmesan Palmiers","Chocolate Praline Fondant Fancies and Cherry Bakewell Fondant Fancies",31,"PE teacher","Barton-Le-Clay, Bedfordshire"
"Candice Brown",7,10,"WINNER",2,"Queen Victoria's Mango and Strawberry Crown","Picnic for Pearly Kings and Queens",31,"PE teacher","Barton-Le-Clay, Bedfordshire"
"Jane Beedle",7,1,"STAR BAKER",7,"Lemon and Poppy Seed Drizzle Cake","Chocolate Orange Mirror Cake",61,"Garden designer","Beckenham"
"Jane Beedle",7,2,"IN",2,"Flower Pot Iced Biscuits","Hastings Old Town Fishing Net Shops and Boat",61,"Garden designer","Beckenham"
"Jane Beedle",7,3,"IN",9,"Chocolate and Cranberry Couronne","Chorizo and Chilli Flower with Parmesan and Pesto Centre",61,"Garden designer","Beckenham"
"Jane Beedle",7,4,"IN",3,"Meat and Two Veg Yorkshires","Pistachio and White Chocolate Churros",61,"Garden designer","Beckenham"
"Jane Beedle",7,5,"IN",1,"Orange Pain au Raisins, Raspberry, Chocolate and Almond Danish","Roquefort, Fig and Walnut Parcels and Cherry and Chocolate Cones",61,"Garden designer","Beckenham"
"Jane Beedle",7,6,"IN",4,"Lime and Coconut Meringue Pie","Three Tier Orange Cake with a Floral Chocolate Collar",61,"Garden designer","Beckenham"
"Jane Beedle",7,7,"IN",4,"Chocolate and Hazelnut Roulade","Chocolate, Coffee, and Vanilla Joconde Cakes and Blackcurrant and Vanilla Ombre Mousses",61,"Garden designer","Beckenham"
"Jane Beedle",7,8,"IN",5,"Tudor Rose Pies","Swans",61,"Garden designer","Beckenham"
"Jane Beedle",7,9,"IN",1,"Pesto and Sundried Tomato Palmiers and Goats Cheese, Olive and Parma Ham Palmiers","Pistachio and Raspberry Fondant Fancies and Lemon Curd Surprise Fondant Fancies",61,"Garden designer","Beckenham"
"Jane Beedle",7,10,"Runner-up",3,"Red, White and Blue Meringue Crown","Family Favourites Feast",61,"Garden designer","Beckenham"
"Kate Barmby",7,1,"IN",4,"Berry Best Apple and Bramble Drizzle Cake","One Swallow Does Not Make A Summer Cake",37,"Nurse","Brooke, Norfolk"
"Kate Barmby",7,2,"IN",1,"""A Biscuit for the Broads""","""I Promise I will do my best""",37,"Nurse","Brooke, Norfolk"
"Kate Barmby",7,3,"IN",8,"Cobbled Loaf","The Corn Maiden",37,"Nurse","Brooke, Norfolk"
"Kate Barmby",7,4,"OUT",7,"Christmas Dinner Compromise","Hot Cross Bunny Churros",37,"Nurse","Brooke, Norfolk"
"Lee Banfield",7,1,"OUT",11,"St. Clements Orange and Lemon Drizzle Cake","Strawberry Surprise Mirror Cake",67,"Pastor","Bolton"
"Louise Williams",7,1,"IN",9,"Orange Liqueur and Lemonade Drizzle Cake","White Chocolate Trifle Mirror Glaze Cake",46,"Hairdresser","Cardiff"
"Louise Williams",7,2,"OUT",10,"Baa Bara Brith Biscuits","Gingerbread Wedding",46,"Hairdresser","Cardiff"
"Michael Georgiou",7,1,"IN",3,"Lime, Ginger and Honey Drizzle Cake","Matcha Tea Chocolate Mirror Glaze",20,"Student","Durham"
"Michael Georgiou",7,2,"IN",9,"Malt, Chocolate and Orange Iced ""Beer"" Biscuits","Trip to See Santa in Lapland",20,"Student","Durham"
"Michael Georgiou",7,3,"OUT",7,"Chocolate and Chilli Swirl Plait","Cypriot Dove and Olive Branch Plaited Loaf with Houmous",20,"Student","Durham"
"Rav Bansal",7,1,"IN",8,"Ginger Spice Yuzu Drizzle Cake","Colombian Mocha Mirror Glaze Cake",28,"Student support","Erith"
"Rav Bansal",7,2,"IN",6,"Union Jack Bunting Biscuits","Gingerbread Christmas Fairground",28,"Student support","Erith"
"Rav Bansal",7,3,"IN",10,"Chocolate, Cardamom and Hazelnut Loaf","Three Tier Diwali Bread Centrepiece",28,"Student support","Erith"
"Rav Bansal",7,4,"IN",9,"Thai Tofu Panang Yorkshires","Three Dip Matcha Pistachio Churros",28,"Student support","Erith"
"Rav Bansal",7,5,"IN",8,"Cinnamon Swirls and Pecan, Walnut and Maple Plaits","Chinese Style Prawn Filo Tartlets and Spiced White Chocolate and Hazelnut Samosas",28,"Student support","Erith"
"Rav Bansal",7,6,"OUT",3,"Mandarin Margarita Meringue Pie","Blossom Cake",28,"Student support","Erith"
"Selasi Gbormittah",7,1,"IN",1,"Citrus and Spice Drizzle Cake","Raspberry, Sloe and White Chocolate Mirror Glaze Cake",30,"Client service associate","London"
"Selasi Gbormittah",7,2,"IN",11,"""Wheelie Hot Iced Biscuits""","Stained Glass Window Gingerbread Church",30,"Client service associate","London"
"Selasi Gbormittah",7,3,"IN",5,"Chocolate, Orange and Cinnamon Bread","Bedouin Escape Tear and Share Bread",30,"Client service associate","London"
"Selasi Gbormittah",7,4,"IN",8,"Perfect Sunday Roast Accompaniment","Lemon and Anise Churros",30,"Client service associate","London"
"Selasi Gbormittah",7,5,"IN",3,"Rhubarb, Mango and Ginger Plait, and Pineapple and Coconut Pinwheels","Parma Ham, Asparagus and Cheese Filo Cigars and Coffee Cream Filo Cups",30,"Client service associate","London"
"Selasi Gbormittah",7,6,"IN",7,"Grapefruit, Orange and Mint Meringue Pie","Three Tiered Ombré Floral Cake",30,"Client service associate","London"
"Selasi Gbormittah",7,7,"IN",6,"Summer Picnic Roulade","Lemon, Strawberry and Passionfruit and Chocolate and Mint Mini Mousse Cakes",30,"Client service associate","London"
"Selasi Gbormittah",7,8,"IN",3,"Bouquet of Flowers","Fruity Tudor Marchpane",30,"Client service associate","London"
"Selasi Gbormittah",7,9,"OUT",4,"Sundried Tomato, Onion, Peppers and Parmesan Palmiers and Salmon, Spinach and Mushroom Palmiers","Lime and Ginger Fondant Fancies and Pink Velvet and Raspberry Prosecco Fondant Fancies",30,"Client service associate","London"
"Tom Gilliford",7,1,"IN",2,"G&T Drizzle Cake","Black Forest Broken Mirror",26,"Project engagement manager","Rochdale"
"Tom Gilliford",7,2,"IN",7,"Chai Frappelatteccino Biscuits","Tom and Pod's Near Death Experience",26,"Project engagement manager","Rochdale"
"Tom Gilliford",7,3,"STAR BAKER",4,"Chocolate Orange and Chilli Swirl Bread","Jörmungandr and Mjölnir",26,"Project engagement manager","Rochdale"
"Tom Gilliford",7,4,"IN",5,"West Yorkshire Fusion Puddings","Fennel Churros Snake In The Grass",26,"Project engagement manager","Rochdale"
"Tom Gilliford",7,5,"IN",4,"Mega Breakfast Bonanzas; Granola Spirals and Wheat Foldovers","Yin and Yang Amuse-bouche",26,"Project engagement manager","Rochdale"
"Tom Gilliford",7,6,"STAR BAKER",1,"Blood Orange Halloween Pumpkin Pie","Floral Tea Cake",26,"Project engagement manager","Rochdale"
"Tom Gilliford",7,7,"OUT",5,"Millionaire's Roulade","Hipster Picnic",26,"Project engagement manager","Rochdale"
"Val Stones",7,1,"IN",10,"Mum's Orange and Lemon Drizzle","Chocolate Sponge with Four Fruit Frosting",66,"Semi-retired, Substitute teacher","Yeovil"
"Val Stones",7,2,"IN",5,"Sunday Treat Iced Ice Cream Cone Biscuits","From Holland to New York via Yorkshire",66,"Semi-retired, Substitute teacher","Yeovil"
"Val Stones",7,3,"IN",1,"Double Chocolate Cinnamon Twist Loaf","""And They All Went Into The Ark To Get Out Of The Rain""",66,"Semi-retired, Substitute teacher","Yeovil"
"Val Stones",7,4,"IN",6,"Mum's Chilli Yorkshire Puddings","Orange Chocolate Churros",66,"Semi-retired, Substitute teacher","Yeovil"
"Val Stones",7,5,"OUT",7,"Pecan and Maple Syrup Pinwheels and Apple, Sultana and Cinnamon Swirls","Caramelised Red Onion, Goats Cheese Tartlets and Mincemeat and Apple Spiced Parcels",66,"Semi-retired, Substitute teacher","Yeovil"
"Chris Geiger",8,1,"IN",12,"Tropical Fresh Fruit Cake","'Raised Pork Pie and Egg Surprise' Cake",50,"Software developer","Bristol"
"Chris Geiger",8,2,"OUT",11,"Chocolate Chia Seed Biscuits with Whisky Caramel Filling","'The Great British Sail Off' Game",50,"Software developer","Bristol"
"Flo Atkins",8,1,"IN",9,"Citrus Layer Cake","'One in a Melon' Cake",71,"Retired","Merseyside"
"Flo Atkins",8,2,"IN",10,"Gin Jam Butties","'Pick My Bones' Game",71,"Retired","Merseyside"
"Flo Atkins",8,3,"OUT",7,"Cinnamon and Orange Teacakes","'Davy Jones' Locker' Bread Sculpture",71,"Retired","Merseyside"
"James Hillery",8,1,"IN",2,"Orange, Rhubarb & Ginger Crumble Cake","'Mock-accino and Croissant' Cake",46,"Banker","Brentwood, Essex"
"James Hillery",8,2,"IN",3,"Rhubarb and Custard Whirls","'Coppit' Game",46,"Banker","Brentwood, Essex"
"James Hillery",8,3,"IN",9,"Nordic Teacakes","'Owl in the Woods' Bread Sculpture",46,"Banker","Brentwood, Essex"
"James Hillery",8,4,"IN",2,"'Windy City' Millionaire Shortbreads","Nutty Caramel Cake",46,"Banker","Brentwood, Essex"
"James Hillery",8,5,"OUT",7,"Orange and Ginger Steamed School Pudding","'The Missed Silver Jubilee' Trifle Terrine",46,"Banker","Brentwood, Essex"
"Julia Chernogorova",8,1,"IN",3,"Courgette and Lemon Cake","'Russian Doll' Cake",21,"Aviation Broker","Crawley, West Sussex"
"Julia Chernogorova",8,2,"IN",4,"Middle Eastern Delight Sandwich Biscuits","'A British Baking' Game",21,"Aviation Broker","Crawley, West Sussex"
"Julia Chernogorova",8,3,"STAR BAKER",2,"Earl Grey Dried Fruit Teacakes","'The Snail Under a Mushroom' Bread Sculpture",21,"Aviation Broker","Crawley, West Sussex"
"Julia Chernogorova",8,4,"IN",9,"Pecan Salted Caramel Millionaire Shortbreads","Poppy Seed Caramel Cake",21,"Aviation Broker","Crawley, West Sussex"
"Julia Chernogorova",8,5,"IN",3,"Orange & Treacle Steamed School Pudding","'Opulent Ornament' Trifle Terrine",21,"Aviation Broker","Crawley, West Sussex"
"Julia Chernogorova",8,6,"OUT",7,"'Pies from the Tree' Decorative Pies","'Special Occasion' Pie",21,"Aviation Broker","Crawley, West Sussex"
"Kate Lyon",8,1,"IN",1,"Moroccan Strawberry and Rose Cake","'Chocolate Terrarium' Cake",29,"Health and safety inspector","Merseyside"
"Kate Lyon",8,2,"IN",8,"Coconut Seashells for a Titanic Afternoon Tea","'Jungle' Game",29,"Health and safety inspector","Merseyside"
"Kate Lyon",8,3,"IN",10,"Blueberry Buns","'Kraken' Bread Sculpture",29,"Health and safety inspector","Merseyside"
"Kate Lyon",8,4,"STAR BAKER",6,"Salted Bay Caramel Millionaire Shortbreads","Sticky Toffee Apple Caramel Cake",29,"Health and safety inspector","Merseyside"
"Kate Lyon",8,5,"IN",8,"'Mr Darcy's Steamy Lake Scene' Steamed School Pudding","'My Great Great Nan's' Raspberry Trifle Terrine",29,"Health and safety inspector","Merseyside"
"Kate Lyon",8,6,"IN",5,"'Vegetarian Pie Faces' Decorative Pies","Potato Curry Pie with Mango & Chilli Glaze",29,"Health and safety inspector","Merseyside"
"Kate Lyon",8,7,"IN",6,"'Happy Hour' Cocktail Cannoli","'Flavour Fusion' Sfogliatelle",29,"Health and safety inspector","Merseyside"
"Kate Lyon",8,8,"IN",2,"Burrito Bedfordshire Clangers","'Liver Building Turret' Savoy Cake",29,"Health and safety inspector","Merseyside"
"Kate Lyon",8,9,"IN",4,"Bellini and Valencian Orange Choux Buns","'Rainbow' Meringue Centrepiece",29,"Health and safety inspector","Merseyside"
"Kate Lyon",8,10,"Runner-up",3,"Roman Spelt, Coconut Kala Chana and Flower Breads","White Chocolate, Yuzu and Lychee Entremet",29,"Health and safety inspector","Merseyside"
"Liam Charles",8,1,"IN",8,"Apple and Almond Crumble Maple Loaf","'Stackin' Sunday' Cake",19,"Student","North London"
"Liam Charles",8,2,"IN",7,"Coffee Malted Pecan Shorties","'Classroom Classics' Game",19,"Student","North London"
"Liam Charles",8,3,"IN",5,"Jamaican Spiced Teacakes","'Kneadapolitan' Bread Sculpture",19,"Student","North London"
"Liam Charles",8,4,"IN",3,"Salted Peanut Butter Millionaire Shortbreads","White Layered Ginger Caramel Cake",19,"Student","North London"
"Liam Charles",8,5,"IN",2,"Cherries & Lemons that are 'Baked Well'","'Cheers Lads' Trifle Terrine",19,"Student","North London"
"Liam Charles",8,6,"STAR BAKER",4,"'Standard FC' Decorative Pies","'Nan's Sunday Dinner' Pie",19,"Student","North London"
"Liam Charles",8,7,"IN",2,"'Just Doing Me' Cannoli","'Morning Delivery' Sfogliatelle",19,"Student","North London"
"Liam Charles",8,8,"OUT",5,"'Take Out' Bedfordshire Clangers","'Fort Wizardore' Savoy Cake",19,"Student","North London"
"Peter Abatan",8,1,"OUT",10,"Coconut Cake","'Bread on a Breadboard' Cake",52,"IT programme manager","Southend, Essex"
"Sophie Faldo",8,1,"IN",5,"Pineapple and Coconut Sandwich Cake","'Champagne Bottle and Bucket' Cake",33,"Former army officer and trainee stuntwoman","West Molesey, Surrey"
"Sophie Faldo",8,2,"IN",2,"Lemon Limoncino Sandwich Biscuits","'Snakes and Ladders' Game",33,"Former army officer and trainee stuntwoman","West Molesey, Surrey"
"Sophie Faldo",8,3,"IN",6,"Tagine Teacakes","'Picnic Basket' Bread Sculpture",33,"Former army officer and trainee stuntwoman","West Molesey, Surrey"
"Sophie Faldo",8,4,"IN",4,"Jaffa Millionaire Shortbreads","Bird's Nest Caramel Cake",33,"Former army officer and trainee stuntwoman","West Molesey, Surrey"
"Sophie Faldo",8,5,"STAR BAKER",1,"Ginger, Fig and Honey Steamed School Pudding","Raspberry, Yuzu & White Chocolate Bûche Trifle Terrine",33,"Former army officer and trainee stuntwoman","West Molesey, Surrey"
"Sophie Faldo",8,6,"IN",2,"'The Four Seasons' Decorative Pies","Game Pie with Glazed Forest Fruits",33,"Former army officer and trainee stuntwoman","West Molesey, Surrey"
"Sophie Faldo",8,7,"IN",3,"'Classics with a Twist' Cannoli","'Classics' Sfogliatelle",33,"Former army officer and trainee stuntwoman","West Molesey, Surrey"
"Sophie Faldo",8,8,"IN",4,"Char Siu & Banana Praline Bedfordshire Clangers","Citrus with Green Apple Croquembouche Savoy Cake",33,"Former army officer and trainee stuntwoman","West Molesey, Surrey"
"Sophie Faldo",8,9,"STAR BAKER",1,"Strawberry & Rhubarb and Chestnut & Vanilla Choux Buns","'Tutu with Opera Filling' Meringue Centrepiece",33,"Former army officer and trainee stuntwoman","West Molesey, Surrey"
"Sophie Faldo",8,10,"WINNER",2,"Spelt Boules, Mushroom Ciabatta and Orange Plaited Brioche","'Ode to the Honey Bee' Entremet",33,"Former army officer and trainee stuntwoman","West Molesey, Surrey"
"Stacey Hart",8,1,"IN",11,"Granny Smith Apple and Walnut Cake","'Black Evening Clutch Bag' Cake",42,"Former school teacher","Radlett, Hertfordshire"
"Stacey Hart",8,2,"IN",9,"Sparkly Chocolate and Marshmallow Fluff Cookies","'Get to School' Game",42,"Former school teacher","Radlett, Hertfordshire"
"Stacey Hart",8,3,"IN",1,"Cranberry and Cinnamon Teacakes","'Ascot Hat' Bread Sculpture",42,"Former school teacher","Radlett, Hertfordshire"
"Stacey Hart",8,4,"IN",1,"Rum Salted Caramel Millionaire Shortbreads","Chocolate and Coffee Caramel Cake",42,"Former school teacher","Radlett, Hertfordshire"
"Stacey Hart",8,5,"IN",4,"Bakewell Tart Steamed School Pudding","Tropical Trifle Terrine",42,"Former school teacher","Radlett, Hertfordshire"
"Stacey Hart",8,6,"IN",6,"'Love Theme' Decorative Pies","Indian Hand Raised Pie with Mango",42,"Former school teacher","Radlett, Hertfordshire"
"Stacey Hart",8,7,"IN",4,"My All Time Favourite Desserts","Pastry Surprise",42,"Former school teacher","Radlett, Hertfordshire"
"Stacey Hart",8,8,"STAR BAKER",3,"Camembert & Onion and Apple & Blueberry Bedfordshire Clangers","'Bright' Lemon & Orange Savoy Cake",42,"Former school teacher","Radlett, Hertfordshire"
"Stacey Hart",8,9,"OUT",2,"'Choux-nicorn and Choux-moji' Choux Buns","'Flamingos in Love' Meringue Centrepiece",42,"Former school teacher","Radlett, Hertfordshire"
"Steven Carter-Bailey",8,1,"STAR BAKER",6,"Bonfire Night Cake","'A Baker's Lunch' Cake",34,"Marketer","Watford, Hertfordshire"
"Steven Carter-Bailey",8,2,"STAR BAKER",6,"Amarpressi Biscuits","'Check Bake' Game",34,"Marketer","Watford, Hertfordshire"
"Steven Carter-Bailey",8,3,"IN",3,"Madras Cocktail Teacakes","'The Bag I Knead' Bread Sculpture",34,"Marketer","Watford, Hertfordshire"
"Steven Carter-Bailey",8,4,"IN",7,"Orange Macadamia Nut Millionaire Shortbreads","Caramel Crown Cake",34,"Marketer","Watford, Hertfordshire"
"Steven Carter-Bailey",8,5,"IN",5,"Lemon & Blackcurrant Drizzle Steamed School Pudding","'From Across the Jelly Pond' Trifle Terrine",34,"Marketer","Watford, Hertfordshire"
"Steven Carter-Bailey",8,6,"IN",3,"'Fleetwood Mac' Decorative Pies","Christmas Pie",34,"Marketer","Watford, Hertfordshire"
"Steven Carter-Bailey",8,7,"STAR BAKER",1,"Italian Style Cannoli","'Sicilian-style' Sfogliatelle",34,"Marketer","Watford, Hertfordshire"
"Steven Carter-Bailey",8,8,"IN",1,"'Mediterranean Medley' Bedfordshire Clangers","Chestnut Rum Savoy Cake",34,"Marketer","Watford, Hertfordshire"
"Steven Carter-Bailey",8,9,"IN",3,"Key Lime Cheesecake and Bakewell Tart Choux Buns","'Some Air Over the Rainbow' Meringue Centrepiece",34,"Marketer","Watford, Hertfordshire"
"Steven Carter-Bailey",8,10,"Runner-up",1,"Spelt & Rye, Toasted Garlic & Fontina and Sweet Chocolate Breads","'Yin Yang' Entremet",34,"Marketer","Watford, Hertfordshire"
"Tom Hetherington",8,1,"IN",7,"Gilded Pear and Cardamom Cake","'Stack of Books' Cake",29,"Architect","Edinburgh"
"Tom Hetherington",8,2,"IN",5,"Coffee and Amaretto Kisses","'Drain Pipes and Ladders' Game",29,"Architect","Edinburgh"
"Tom Hetherington",8,3,"IN",4,"Orange and Cranberry Teacakes","'Pink & Yellow Rose Centrepiece' Bread Sculpture",29,"Architect","Edinburgh"
"Tom Hetherington",8,4,"OUT",5,"Stem Ginger Caramel Shortbreads","Hummingbird Cake",29,"Architect","Edinburgh"
"Yan Tsou",8,1,"IN",4,"Windfall Apple Crumble Cake","'Banana-ramen' Cake",46,"Laboratory research scientist","North London"
"Yan Tsou",8,2,"IN",1,"'Mrs. Marian's PB 'n' B' Biscuits","'Adventures in Bakeland' Game",46,"Laboratory research scientist","North London"
"Yan Tsou",8,3,"IN",8,"'Mrs P's' Masala Chai Spiced Teacakes","'Basil the Vegetarian Dragon with his Pumpkin Hoard' Bread Sculpture",46,"Laboratory research scientist","North London"
"Yan Tsou",8,4,"IN",8,"'Lil' Red's Ginger and Nuts' Millionaire Shortbreads","Animals of the Rainforest Caramel Cake",46,"Laboratory research scientist","North London"
"Yan Tsou",8,5,"IN",6,"Mango Fruit Hat Steamed School Pudding","'Heart of a Hero' Trifle Terrine",46,"Laboratory research scientist","North London"
"Yan Tsou",8,6,"IN",1,"'πr2' Decorative Pies","Chequerboard Pie",46,"Laboratory research scientist","North London"
"Yan Tsou",8,7,"OUT",5,"Cannoli Cocktails","Canadian-Style Sfogliatelle",46,"Laboratory research scientist","North London"
"Antony Amourdoux",9,1,"IN",12,NA,NA,30,"Banker","London"
"Antony Amourdoux",9,2,"IN",9,NA,NA,30,"Banker","London"
"Antony Amourdoux",9,3,"OUT",8,NA,NA,30,"Banker","London"
"Briony Williams",9,1,"IN",2,NA,NA,33,"Full-time parent","Bristol"
"Briony Williams",9,2,"IN",5,NA,NA,33,"Full-time parent","Bristol"
"Briony Williams",9,3,"IN",9,NA,NA,33,"Full-time parent","Bristol"
"Briony Williams",9,4,"IN",5,NA,NA,33,"Full-time parent","Bristol"
"Briony Williams",9,5,"IN",6,NA,NA,33,"Full-time parent","Bristol"
"Briony Williams",9,6,"STAR BAKER",1,NA,NA,33,"Full-time parent","Bristol"
"Briony Williams",9,7,"IN",5,NA,NA,33,"Full-time parent","Bristol"
"Briony Williams",9,8,"IN",1,NA,NA,33,"Full-time parent","Bristol"
"Briony Williams",9,9,"OUT",3,NA,NA,33,"Full-time parent","Bristol"
"Dan Beasley-Harling",9,1,"IN",4,NA,NA,36,"Full-time parent","London"
"Dan Beasley-Harling",9,2,"IN",3,NA,NA,36,"Full-time parent","London"
"Dan Beasley-Harling",9,3,"IN",6,NA,NA,36,"Full-time parent","London"
"Dan Beasley-Harling",9,4,"STAR BAKER",1,NA,NA,36,"Full-time parent","London"
"Dan Beasley-Harling",9,5,"IN",2,NA,NA,36,"Full-time parent","London"
"Dan Beasley-Harling",9,6,"OUT",6,NA,NA,36,"Full-time parent","London"
"Imelda McCarron",9,1,"OUT",11,NA,NA,33,"Countryside recreation officer","County Tyrone"
"Jon Jenkins",9,1,"IN",5,NA,NA,47,"Blood courier","Newport"
"Jon Jenkins",9,2,"IN",1,NA,NA,47,"Blood courier","Newport"
"Jon Jenkins",9,3,"IN",2,NA,NA,47,"Blood courier","Newport"
"Jon Jenkins",9,4,"IN",3,NA,NA,47,"Blood courier","Newport"
"Jon Jenkins",9,5,"IN",7,NA,NA,47,"Blood courier","Newport"
"Jon Jenkins",9,6,"IN",2,NA,NA,47,"Blood courier","Newport"
"Jon Jenkins",9,7,"OUT",4,NA,NA,47,"Blood courier","Newport"
"Karen Wright",9,1,"IN",6,NA,NA,60,"In-store sampling assistant","Wakefield"
"Karen Wright",9,2,"IN",11,NA,NA,60,"In-store sampling assistant","Wakefield"
"Karen Wright",9,3,"IN",5,NA,NA,60,"In-store sampling assistant","Wakefield"
"Karen Wright",9,4,"IN",7,NA,NA,60,"In-store sampling assistant","Wakefield"
"Karen Wright",9,5,"OUT",9,NA,NA,60,"In-store sampling assistant","Wakefield"
"Kim-Joy Hewlett",9,1,"IN",10,NA,NA,27,"Mental health specialist","Leeds"
"Kim-Joy Hewlett",9,2,"IN",4,NA,NA,27,"Mental health specialist","Leeds"
"Kim-Joy Hewlett",9,3,"IN",10,NA,NA,27,"Mental health specialist","Leeds"
"Kim-Joy Hewlett",9,4,"IN",6,NA,NA,27,"Mental health specialist","Leeds"
"Kim-Joy Hewlett",9,5,"STAR BAKER",4,NA,NA,27,"Mental health specialist","Leeds"
"Kim-Joy Hewlett",9,6,"IN",5,NA,NA,27,"Mental health specialist","Leeds"
"Kim-Joy Hewlett",9,7,"STAR BAKER",6,NA,NA,27,"Mental health specialist","Leeds"
"Kim-Joy Hewlett",9,8,"IN",2,NA,NA,27,"Mental health specialist","Leeds"
"Kim-Joy Hewlett",9,9,"IN",2,NA,NA,27,"Mental health specialist","Leeds"
"Kim-Joy Hewlett",9,10,"Runner-up",1,NA,NA,27,"Mental health specialist","Leeds"
"Luke Thompson",9,1,"IN",8,NA,NA,30,"Civil servant/house and techno DJ","Sheffield"
"Luke Thompson",9,2,"OUT",7,NA,NA,30,"Civil servant/house and techno DJ","Sheffield"
"Manon Lagrave",9,1,"STAR BAKER",3,NA,NA,26,"Software project manager","London"
"Manon Lagrave",9,2,"IN",6,NA,NA,26,"Software project manager","London"
"Manon Lagrave",9,3,"IN",3,NA,NA,26,"Software project manager","London"
"Manon Lagrave",9,4,"IN",8,NA,NA,26,"Software project manager","London"
"Manon Lagrave",9,5,"IN",5,NA,NA,26,"Software project manager","London"
"Manon Lagrave",9,6,"IN",4,NA,NA,26,"Software project manager","London"
"Manon Lagrave",9,7,"IN",2,NA,NA,26,"Software project manager","London"
"Manon Lagrave",9,8,"OUT",4,NA,NA,26,"Software project manager","London"
"Rahul Mandal",9,1,"IN",7,NA,NA,30,"Research scientist","Rotherham"
"Rahul Mandal",9,2,"STAR BAKER",2,NA,NA,30,"Research scientist","Rotherham"
"Rahul Mandal",9,3,"STAR BAKER",4,NA,NA,30,"Research scientist","Rotherham"
"Rahul Mandal",9,4,"IN",4,NA,NA,30,"Research scientist","Rotherham"
"Rahul Mandal",9,5,"IN",3,NA,NA,30,"Research scientist","Rotherham"
"Rahul Mandal",9,6,"IN",3,NA,NA,30,"Research scientist","Rotherham"
"Rahul Mandal",9,7,"IN",1,NA,NA,30,"Research scientist","Rotherham"
"Rahul Mandal",9,8,"IN",5,NA,NA,30,"Research scientist","Rotherham"
"Rahul Mandal",9,9,"IN",4,NA,NA,30,"Research scientist","Rotherham"
"Rahul Mandal",9,10,"WINNER",2,NA,NA,30,"Research scientist","Rotherham"
"Ruby Bhogal",9,1,"IN",1,NA,NA,29,"Project manager","London"
"Ruby Bhogal",9,2,"IN",10,NA,NA,29,"Project manager","London"
"Ruby Bhogal",9,3,"IN",7,NA,NA,29,"Project manager","London"
"Ruby Bhogal",9,4,"IN",2,NA,NA,29,"Project manager","London"
"Ruby Bhogal",9,5,"IN",1,NA,NA,29,"Project manager","London"
"Ruby Bhogal",9,6,"IN",7,NA,NA,29,"Project manager","London"
"Ruby Bhogal",9,7,"IN",3,NA,NA,29,"Project manager","London"
"Ruby Bhogal",9,8,"STAR BAKER",3,NA,NA,29,"Project manager","London"
"Ruby Bhogal",9,9,"STAR BAKER",1,NA,NA,29,"Project manager","London"
"Ruby Bhogal",9,10,"Runner-up",3,NA,NA,29,"Project manager","London"
"Terry Hartill",9,1,"IN",9,NA,NA,56,"Retired air steward","West Midlands"
"Terry Hartill",9,2,"IN",8,NA,NA,56,"Retired air steward","West Midlands"
"Terry Hartill",9,3,"IN",1,NA,NA,56,"Retired air steward","West Midlands"
"Terry Hartill",9,4,"[a]",NA,NA,NA,56,"Retired air steward","West Midlands"
"Terry Hartill",9,5,"OUT",8,NA,NA,56,"Retired air steward","West Midlands"
"Alice Fevronia",10,1,"IN",5,NA,NA,28,"Geography teacher","Essex"
"Alice Fevronia",10,2,"STAR BAKER",1,NA,NA,28,"Geography teacher","Essex"
"Alice Fevronia",10,3,"IN",7,NA,NA,28,"Geography teacher","Essex"
"Alice Fevronia",10,4,"IN",8,NA,NA,28,"Geography teacher","Essex"
"Alice Fevronia",10,5,"IN",6,NA,NA,28,"Geography teacher","Essex"
"Alice Fevronia",10,6,"IN",1,NA,NA,28,"Geography teacher","Essex"
"Alice Fevronia",10,7,"IN",6,NA,NA,28,"Geography teacher","Essex"
"Alice Fevronia",10,8,"IN",3,NA,NA,28,"Geography teacher","Essex"
"Alice Fevronia",10,9,"STAR BAKER",4,NA,NA,28,"Geography teacher","Essex"
"Alice Fevronia",10,10,"Runner-up",2,NA,NA,28,"Geography teacher","Essex"
"Amelia LeBruin",10,1,"IN",4,NA,NA,24,"Fashion designer","Halifax"
"Amelia LeBruin",10,2,"IN",9,NA,NA,24,"Fashion designer","Halifax"
"Amelia LeBruin",10,3,"OUT",11,NA,NA,24,"Fashion designer","Halifax"
"Dan Chambers",10,1,"OUT",9,NA,NA,32,"Support worker","Rotherham"
"David Atherton",10,1,"IN",10,NA,NA,36,"International health adviser","Whitby"
"David Atherton",10,2,"IN",2,NA,NA,36,"International health adviser","Whitby"
"David Atherton",10,3,"IN",2,NA,NA,36,"International health adviser","Whitby"
"David Atherton",10,4,"IN",2,NA,NA,36,"International health adviser","Whitby"
"David Atherton",10,5,"IN",9,NA,NA,36,"International health adviser","Whitby"
"David Atherton",10,6,"IN",2,NA,NA,36,"International health adviser","Whitby"
"David Atherton",10,7,"IN",2,NA,NA,36,"International health adviser","Whitby"
"David Atherton",10,8,"IN",1,NA,NA,36,"International health adviser","Whitby"
"David Atherton",10,9,"IN",2,NA,NA,36,"International health adviser","Whitby"
"David Atherton",10,10,"WINNER",1,NA,NA,36,"International health adviser","Whitby"
"Helena Garcia",10,1,"IN",12,NA,NA,40,"Online project manager","Leeds"
"Helena Garcia",10,2,"IN",12,NA,NA,40,"Online project manager","Leeds"
"Helena Garcia",10,3,"IN",8,NA,NA,40,"Online project manager","Leeds"
"Helena Garcia",10,4,"IN",9,NA,NA,40,"Online project manager","Leeds"
"Helena Garcia",10,5,"OUT",1,NA,NA,40,"Online project manager","Leeds"
"Henry Bird",10,1,"IN",1,NA,NA,20,"Student","Durham"
"Henry Bird",10,2,"IN",6,NA,NA,20,"Student","Durham"
"Henry Bird",10,3,"IN",1,NA,NA,20,"Student","Durham"
"Henry Bird",10,4,"IN",3,NA,NA,20,"Student","Durham"
"Henry Bird",10,5,"IN",3,NA,NA,20,"Student","Durham"
"Henry Bird",10,6,"IN",4,NA,NA,20,"Student","Durham"
"Henry Bird",10,7,"STAR BAKER",3,NA,NA,20,"Student","Durham"
"Henry Bird",10,8,"OUT",5,NA,NA,20,"Student","Durham"
"Jamie Finn",10,1,"IN",13,NA,NA,20,"Part-time waiter","Surrey"
"Jamie Finn",10,2,"OUT",11,NA,NA,20,"Part-time waiter","Surrey"
"Michael Chakraverty",10,1,"IN",11,NA,NA,26,"Theatre manager/fitness instructor","Stratford-upon-Avon"
"Michael Chakraverty",10,2,"IN",4,NA,NA,26,"Theatre manager/fitness instructor","Stratford-upon-Avon"
"Michael Chakraverty",10,3,"STAR BAKER",6,NA,NA,26,"Theatre manager/fitness instructor","Stratford-upon-Avon"
"Michael Chakraverty",10,4,"IN",7,NA,NA,26,"Theatre manager/fitness instructor","Stratford-upon-Avon"
"Michael Chakraverty",10,5,"IN",8,NA,NA,26,"Theatre manager/fitness instructor","Stratford-upon-Avon"
"Michael Chakraverty",10,6,"IN",6,NA,NA,26,"Theatre manager/fitness instructor","Stratford-upon-Avon"
"Michael Chakraverty",10,7,"OUT",5,NA,NA,26,"Theatre manager/fitness instructor","Stratford-upon-Avon"
"Michelle Evans-Fecci",10,1,"STAR BAKER",6,NA,NA,35,"Print shop administrator","Tenby, Wales"
"Michelle Evans-Fecci",10,2,"IN",8,NA,NA,35,"Print shop administrator","Tenby, Wales"
"Michelle Evans-Fecci",10,3,"IN",5,NA,NA,35,"Print shop administrator","Tenby, Wales"
"Michelle Evans-Fecci",10,4,"IN",5,NA,NA,35,"Print shop administrator","Tenby, Wales"
"Michelle Evans-Fecci",10,5,"OUT",7,NA,NA,35,"Print shop administrator","Tenby, Wales"
"Phil Thorne",10,1,"IN",8,NA,NA,56,"HGV driver","Rainham"
"Phil Thorne",10,2,"IN",3,NA,NA,56,"HGV driver","Rainham"
"Phil Thorne",10,3,"IN",10,NA,NA,56,"HGV driver","Rainham"
"Phil Thorne",10,4,"OUT",6,NA,NA,56,"HGV driver","Rainham"
"Priya O'Shea",10,1,"IN",7,NA,NA,34,"Marketing consultant","Leicester"
"Priya O'Shea",10,2,"IN",7,NA,NA,34,"Marketing consultant","Leicester"
"Priya O'Shea",10,3,"IN",4,NA,NA,34,"Marketing consultant","Leicester"
"Priya O'Shea",10,4,"IN",10,NA,NA,34,"Marketing consultant","Leicester"
"Priya O'Shea",10,5,"IN",2,NA,NA,34,"Marketing consultant","Leicester"
"Priya O'Shea",10,6,"OUT",7,NA,NA,34,"Marketing consultant","Leicester"
"Rosie Brandreth-Poynter",10,1,"IN",2,NA,NA,28,"Veterinary surgeon","Somerset"
"Rosie Brandreth-Poynter",10,2,"IN",5,NA,NA,28,"Veterinary surgeon","Somerset"
"Rosie Brandreth-Poynter",10,3,"IN",9,NA,NA,28,"Veterinary surgeon","Somerset"
"Rosie Brandreth-Poynter",10,4,"IN",4,NA,NA,28,"Veterinary surgeon","Somerset"
"Rosie Brandreth-Poynter",10,5,"IN",5,NA,NA,28,"Veterinary surgeon","Somerset"
"Rosie Brandreth-Poynter",10,6,"IN",5,NA,NA,28,"Veterinary surgeon","Somerset"
"Rosie Brandreth-Poynter",10,7,"IN",1,NA,NA,28,"Veterinary surgeon","Somerset"
"Rosie Brandreth-Poynter",10,8,"IN",2,NA,NA,28,"Veterinary surgeon","Somerset"
"Rosie Brandreth-Poynter",10,9,"OUT",1,NA,NA,28,"Veterinary surgeon","Somerset"
"Steph Blackwell",10,1,"IN",3,NA,NA,28,"Shop assistant","Chester"
"Steph Blackwell",10,2,"IN",10,NA,NA,28,"Shop assistant","Chester"
"Steph Blackwell",10,3,"IN",3,NA,NA,28,"Shop assistant","Chester"
"Steph Blackwell",10,4,"STAR BAKER",1,NA,NA,28,"Shop assistant","Chester"
"Steph Blackwell",10,5,"STAR BAKER",4,NA,NA,28,"Shop assistant","Chester"
"Steph Blackwell",10,6,"STAR BAKER",3,NA,NA,28,"Shop assistant","Chester"
"Steph Blackwell",10,7,"IN",4,NA,NA,28,"Shop assistant","Chester"
"Steph Blackwell",10,8,"STAR BAKER",4,NA,NA,28,"Shop assistant","Chester"
"Steph Blackwell",10,9,"IN",3,NA,NA,28,"Shop assistant","Chester"
"Steph Blackwell",10,10,"Runner-up",3,NA,NA,28,"Shop assistant","Chester"
